time,option_contract_name,position,option_price,underlying_price,balance
2023-01-02 10:15:00 , 43000call20230105,sell,460.6,43302.45,2460
2023-01-02 10:15:00 , 43000put20230105,sell,184.5,43302.45,2644
2023-01-02 11:15:00 , 43000call20230105,buy,488.25,43369.25,2156
2023-01-02 11:20:00 , 43000call20230105,sell,489.95,43306.85,2645
2023-01-02 15:25:00 , 43000call20230105,buy,427.25,43223.05,2218
2023-01-02 15:25:00 , 43000put20230105,buy,165.15,43223.05,2053
2023-01-03 10:15:00 , 43100call20230105,sell,459.5,43399.3,2512
2023-01-03 10:15:00 , 43100put20230105,sell,121.95,43399.3,2633
2023-01-03 10:20:00 , 43100call20230105,buy,449.6,43433.7,2184
2023-01-03 10:30:00 , 43100call20230105,sell,437.5,43398.5,2621
2023-01-03 14:00:00 , 43100call20230105,buy,449.05,43447.2,2172
2023-01-03 14:15:00 , 43100call20230105,sell,404.25,43412.7,2576
2023-01-03 14:25:00 , 43100call20230105,buy,471.05,43444.4,2105
2023-01-03 15:05:00 , 43100call20230105,sell,430.9,43411.7,2535
2023-01-03 15:20:00 , 43100call20230105,buy,451.85,43440.3,2084
2023-01-03 15:25:00 , 43100put20230105,buy,85,43435.1,1999
2023-01-04 10:15:00 , 43400call20230105,sell,136.55,43279.8,2135
2023-01-04 10:15:00 , 43400put20230105,sell,298.2,43279.8,2433
2023-01-04 11:10:00 , 43400put20230105,buy,351.9,43137,2082
2023-01-04 15:25:00 , 43400call20230105,buy,58.7,42933.6,2024
2023-01-05 10:15:00 , 43000call20230112,sell,355,42756.6,2379
2023-01-05 10:15:00 , 43000put20230112,sell,422,42756.6,2801
2023-01-05 11:30:00 , 43000put20230112,buy,517.2,42697.95,2284
2023-01-05 15:25:00 , 43000call20230112,buy,186.65,42628.65,2098
2023-01-06 10:15:00 , 42600call20230112,sell,237.05,42326.7,2335
2023-01-06 10:15:00 , 42600put20230112,sell,487.4,42326.7,2822
2023-01-06 10:20:00 , 42600put20230112,buy,466.3,42298.2,2356
2023-01-06 10:25:00 , 42600put20230112,sell,465.1,42344.65,2821
2023-01-06 10:40:00 , 42600put20230112,buy,491.95,42267.8,2330
2023-01-06 10:55:00 , 42600put20230112,sell,437.85,42329.55,2767
2023-01-06 11:10:00 , 42600put20230112,buy,452.9,42296.65,2315
2023-01-06 11:15:00 , 42600put20230112,sell,457.4,42333.45,2772
2023-01-06 11:35:00 , 42600put20230112,buy,460.65,42269.1,2312
2023-01-06 11:40:00 , 42600put20230112,sell,452.8,42309.45,2764
2023-01-06 11:55:00 , 42600put20230112,buy,456,42291,2308
2023-01-06 12:05:00 , 42600put20230112,sell,442.3,42324.3,2750
2023-01-06 12:20:00 , 42600put20230112,buy,476.9,42297.6,2274
2023-01-06 15:25:00 , 42600call20230112,buy,171.3,42182.55,2103
2023-01-09 10:15:00 , 42400call20230112,sell,375.9,42520.65,2478
2023-01-09 10:15:00 , 42400put20230112,sell,211.55,42520.65,2689
2023-01-09 10:35:00 , 42400call20230112,buy,381.3,42568.7,2308
2023-01-09 10:40:00 , 42400call20230112,sell,389.3,42516.15,2697
2023-01-09 10:45:00 , 42400call20230112,buy,382.9,42545.75,2315
2023-01-09 10:50:00 , 42400call20230112,sell,397.85,42523.05,2712
2023-01-09 10:55:00 , 42400call20230112,buy,397.1,42559.2,2315
2023-01-09 11:05:00 , 42400call20230112,sell,380.95,42528.1,2695
2023-01-09 11:25:00 , 42400call20230112,buy,389.25,42549.7,2306
2023-01-09 11:30:00 , 42400call20230112,sell,422.4,42536.6,2728
2023-01-09 11:35:00 , 42400call20230112,buy,449,42612.4,2279
2023-01-09 13:45:00 , 42400call20230112,sell,320.05,42515.6,2599
2023-01-09 15:00:00 , 42400call20230112,buy,374.45,42558.35,2225
2023-01-09 15:25:00 , 42400put20230112,buy,158.15,42591.05,2067
2023-01-10 10:15:00 , 42600call20230112,sell,118.8,42203.9,2185
2023-01-10 10:15:00 , 42600put20230112,sell,453.1,42203.9,2638
2023-01-10 10:40:00 , 42600put20230112,buy,532.65,42104.45,2106
2023-01-10 12:35:00 , 42600put20230112,sell,508,42150.55,2614
2023-01-10 12:40:00 , 42600put20230112,buy,566.15,42144.4,2048
2023-01-10 15:25:00 , 42600call20230112,buy,77.95,42037.65,1971
2023-01-11 10:15:00 , 42000call20230112,sell,408.7,42179.65,2379
2023-01-11 10:15:00 , 42000put20230112,sell,112.25,42179.65,2491
2023-01-11 10:35:00 , 42000call20230112,buy,399.75,42265.2,2092
2023-01-11 10:45:00 , 42000call20230112,sell,359,42201.15,2451
2023-01-11 12:00:00 , 42000call20230112,buy,376.95,42253.05,2075
2023-01-11 12:20:00 , 42000call20230112,sell,367.85,42225.85,2442
2023-01-11 12:25:00 , 42000call20230112,buy,380.3,42254.2,2062
2023-01-11 12:40:00 , 42000call20230112,sell,332.55,42215.6,2394
2023-01-11 13:10:00 , 42000call20230112,buy,355.65,42235.3,2039
2023-01-11 13:20:00 , 42000call20230112,sell,360.15,42223.9,2399
2023-01-11 13:30:00 , 42000call20230112,buy,350.6,42239.75,2049
2023-01-11 13:35:00 , 42000call20230112,sell,342.05,42230.3,2391
2023-01-11 14:45:00 , 42000call20230112,buy,340,42239.65,2051
2023-01-11 15:00:00 , 42000call20230112,sell,407.75,42229.4,2458
2023-01-11 15:05:00 , 42000call20230112,buy,326.6,42287.1,2132
2023-01-11 15:10:00 , 42000call20230112,sell,347.8,42214.4,2479
2023-01-11 15:15:00 , 42000call20230112,buy,350.2,42234.65,2129
2023-01-11 15:25:00 , 42000put20230112,buy,77.45,42218.75,2052
2023-01-12 10:15:00 , 42200call20230119,sell,411.8,42088.1,2463
2023-01-12 10:15:00 , 42200put20230119,sell,408.3,42088.1,2871
2023-01-12 10:25:00 , 42200put20230119,buy,464,42052.05,2407
2023-01-12 15:10:00 , 42200put20230119,sell,380.3,42095.45,2787
2023-01-12 15:25:00 , 42200call20230119,buy,336.6,42087.25,2451
2023-01-12 15:25:00 , 42200put20230119,buy,420.75,42087.25,2031
2023-01-13 10:15:00 , 42100call20230119,sell,314,41922.75,2345
2023-01-13 10:15:00 , 42100put20230119,sell,414.85,41922.75,2759
2023-01-13 12:55:00 , 42100call20230119,buy,425.2,42205.4,2334
2023-01-13 15:25:00 , 42100put20230119,buy,201,42385.9,2133
2023-01-16 10:15:00 , 42600call20230119,sell,276.45,42602.2,2409
2023-01-16 10:15:00 , 42600put20230119,sell,295.5,42602.2,2704
2023-01-16 11:20:00 , 42600put20230119,buy,389.8,42435.05,2315
2023-01-16 15:25:00 , 42600call20230119,buy,134.55,42206.4,2181
2023-01-17 10:15:00 , 42200call20230119,sell,357,42318.7,2538
2023-01-17 10:15:00 , 42200put20230119,sell,183.05,42318.7,2721
2023-01-17 13:00:00 , 42200put20230119,buy,344.7,42009.65,2377
2023-01-17 14:20:00 , 42200put20230119,sell,289.9,42055.55,2666
2023-01-17 15:25:00 , 42200call20230119,buy,273.15,42289.6,2393
2023-01-17 15:25:00 , 42200put20230119,buy,167.95,42289.6,2226
2023-01-18 10:15:00 , 42200call20230119,sell,364,42488.95,2590
2023-01-18 10:15:00 , 42200put20230119,sell,110.4,42488.95,2700
2023-01-18 11:30:00 , 42200call20230119,buy,375.3,42509.3,2325
2023-01-18 11:35:00 , 42200call20230119,sell,377.25,42475.75,2702
2023-01-18 11:45:00 , 42200call20230119,buy,406.35,42537.5,2296
2023-01-18 12:25:00 , 42200call20230119,sell,384,42473.15,2680
2023-01-18 12:30:00 , 42200call20230119,buy,389,42493.1,2291
2023-01-18 12:40:00 , 42200call20230119,sell,340.5,42477.35,2631
2023-01-18 14:35:00 , 42200call20230119,buy,380,42495.35,2251
2023-01-18 14:45:00 , 42200call20230119,sell,369,42483.45,2620
2023-01-18 14:50:00 , 42200call20230119,buy,352.75,42498.2,2268
2023-01-18 14:55:00 , 42200call20230119,sell,355.65,42476.15,2623
2023-01-18 15:05:00 , 42200call20230119,buy,343.1,42496,2280
2023-01-18 15:10:00 , 42200call20230119,sell,325.6,42482.2,2605
2023-01-18 15:25:00 , 42200call20230119,buy,337.15,42450.45,2268
2023-01-18 15:25:00 , 42200put20230119,buy,73,42450.45,2195
2023-01-19 10:15:00 , 42400call20230125,sell,354.05,42362.2,2549
2023-01-19 10:15:00 , 42400put20230125,sell,362.65,42362.2,2911
2023-01-19 11:30:00 , 42400put20230125,buy,369.2,42289.85,2542
2023-01-19 11:35:00 , 42400put20230125,sell,376.95,42329.05,2918
2023-01-19 12:55:00 , 42400put20230125,buy,363.6,42282.85,2555
2023-01-19 13:15:00 , 42400put20230125,sell,367.85,42313.2,2922
2023-01-19 13:20:00 , 42400put20230125,buy,355.05,42280.95,2567
2023-01-19 13:25:00 , 42400put20230125,sell,358.1,42312.8,2925
2023-01-19 13:30:00 , 42400put20230125,buy,351.55,42293.35,2574
2023-01-19 13:35:00 , 42400put20230125,sell,346.7,42329.85,2920
2023-01-19 13:55:00 , 42400put20230125,buy,346.95,42297.7,2574
2023-01-19 14:00:00 , 42400put20230125,sell,347.85,42307.8,2921
2023-01-19 14:30:00 , 42400put20230125,buy,367.6,42252.6,2554
2023-01-19 15:00:00 , 42400put20230125,sell,340,42301.65,2894
2023-01-19 15:25:00 , 42400call20230125,buy,280.75,42310.05,2614
2023-01-19 15:25:00 , 42400put20230125,buy,340.25,42310.05,2274
2023-01-20 10:15:00 , 42500call20230125,sell,381,42650.2,2655
2023-01-20 10:15:00 , 42500put20230125,sell,228.05,42650.2,2883
2023-01-20 10:25:00 , 42500call20230125,buy,385.8,42682,2498
2023-01-20 10:55:00 , 42500call20230125,sell,382.75,42655.65,2880
2023-01-20 15:25:00 , 42500call20230125,buy,289.4,42495.45,2591
2023-01-20 15:25:00 , 42500put20230125,buy,252.5,42495.45,2339
2023-01-23 10:15:00 , 42800call20230125,sell,300.4,42927.1,2639
2023-01-23 10:15:00 , 42800put20230125,sell,166.15,42927.1,2805
2023-01-23 13:10:00 , 42800put20230125,buy,216.95,42753.05,2589
2023-01-23 13:20:00 , 42800put20230125,sell,188.45,42791.45,2777
2023-01-23 15:25:00 , 42800call20230125,buy,228.15,42827.55,2549
2023-01-23 15:25:00 , 42800put20230125,buy,179.7,42827.55,2370
2023-01-24 10:15:00 , 42900call20230125,sell,168.75,42892.35,2538
2023-01-24 10:15:00 , 42900put20230125,sell,161.75,42892.35,2699
2023-01-24 10:20:00 , 42900put20230125,buy,156.05,42885.85,2543
2023-01-24 10:30:00 , 42900put20230125,sell,157.9,42909.4,2700
2023-01-24 10:35:00 , 42900put20230125,buy,160.7,42883.35,2540
2023-01-24 10:50:00 , 42900put20230125,sell,148.25,42894.2,2688
2023-01-24 10:55:00 , 42900put20230125,buy,162.6,42883.6,2526
2023-01-24 11:10:00 , 42900put20230125,sell,154.3,42897.4,2680
2023-01-24 11:15:00 , 42900put20230125,buy,171.55,42861,2509
2023-01-24 15:25:00 , 42900call20230125,buy,79.1,42722.7,2430
2023-01-27 10:15:00 , 41300call20230202,sell,357.4,40758.7,2787
2023-01-27 10:15:00 , 41300put20230202,sell,852.55,40758.7,3639
2023-01-27 10:20:00 , 41300put20230202,buy,869.5,40679.8,2770
2023-01-27 10:30:00 , 41300put20230202,sell,813.95,40812,3583
2023-01-27 10:35:00 , 41300put20230202,buy,815.65,40738.75,2768
2023-01-27 10:40:00 , 41300put20230202,sell,725.2,40786.7,3493
2023-01-27 10:55:00 , 41300put20230202,buy,803.8,40734.3,2690
2023-01-27 15:25:00 , 41300call20230202,buy,250.2,40395.2,2440
2023-01-30 10:15:00 , 39800call20230202,sell,1007.5,40315.6,3447
2023-01-30 10:15:00 , 39800put20230202,sell,338.05,40315.6,3785
2023-01-30 13:50:00 , 39800put20230202,buy,684.2,39633.85,3101
2023-01-30 14:10:00 , 39800put20230202,sell,521.5,39759.9,3622
2023-01-30 15:25:00 , 39800call20230202,buy,1005.2,40448.85,2617
2023-01-30 15:25:00 , 39800put20230202,buy,266,40448.85,2351
2023-01-31 10:15:00 , 40500call20230202,sell,492.65,40275.1,2843
2023-01-31 10:15:00 , 40500put20230202,sell,597.15,40275.1,3440
2023-01-31 12:00:00 , 40500call20230202,buy,645,40618.45,2795
2023-01-31 12:15:00 , 40500call20230202,sell,581.15,40572.2,3376
2023-01-31 12:35:00 , 40500call20230202,buy,614.7,40631,2762
2023-01-31 13:00:00 , 40500call20230202,sell,596.6,40547.5,3358
2023-01-31 13:10:00 , 40500call20230202,buy,595.2,40720.15,2763
2023-01-31 14:20:00 , 40500call20230202,sell,537,40584.65,3300
2023-01-31 15:00:00 , 40500call20230202,buy,634.75,40622.55,2666
2023-01-31 15:10:00 , 40500call20230202,sell,627.25,40560.55,3293
2023-01-31 15:15:00 , 40500call20230202,buy,691,40600.05,2602
2023-01-31 15:25:00 , 40500put20230202,buy,334.35,40702.65,2268
2023-02-01 10:15:00 , 41100call20230202,sell,445.55,41077.7,2713
2023-02-01 10:15:00 , 41100put20230202,sell,360.9,41077.7,3073
2023-02-01 10:30:00 , 41100call20230202,buy,492.8,41195.5,2581
2023-02-01 11:25:00 , 41100call20230202,sell,447.55,41024.7,3028
2023-02-01 11:35:00 , 41100call20230202,buy,471.6,41256.6,2557
2023-02-01 14:00:00 , 41100call20230202,sell,240.25,41120,2797
2023-02-01 14:15:00 , 41100call20230202,buy,273.55,41178.85,2524
2023-02-01 14:20:00 , 41100call20230202,sell,208.45,40986.05,2732
2023-02-01 14:25:00 , 41100put20230202,buy,445.05,40858.15,2287
2023-02-01 15:25:00 , 41100call20230202,buy,102.45,40532.7,2185
2023-02-02 10:15:00 , 39900call20230209,sell,984.4,40330.55,3169
2023-02-02 10:15:00 , 39900put20230209,sell,420.3,40330.55,3589
2023-02-02 14:50:00 , 39900call20230209,buy,1118.6,40712.5,2471
2023-02-02 14:55:00 , 39900call20230209,sell,1175.45,40670.25,3646
2023-02-02 15:00:00 , 39900call20230209,buy,1078.35,40678.1,2568
2023-02-02 15:05:00 , 39900call20230209,sell,1104.35,40636.5,3672
2023-02-02 15:15:00 , 39900call20230209,buy,1081.3,40697.5,2591
2023-02-02 15:20:00 , 39900call20230209,sell,1128.85,40631.25,3719
2023-02-02 15:25:00 , 39900call20230209,buy,1136.95,40697,2583
2023-02-02 15:25:00 , 39900put20230209,buy,212.4,40697,2371
2023-02-03 10:15:00 , 41000call20230209,sell,536.45,41107.6,2907
2023-02-03 10:15:00 , 41000put20230209,sell,360.65,41107.6,3267
2023-02-03 10:40:00 , 41000put20230209,buy,515.05,40913.4,2752
2023-02-03 10:55:00 , 41000put20230209,sell,429.5,40941.45,3181
2023-02-03 11:05:00 , 41000put20230209,buy,500.2,40862.75,2681
2023-02-03 12:55:00 , 41000put20230209,sell,444.9,40961.45,3125
2023-02-03 13:05:00 , 41000put20230209,buy,460.5,40865.6,2665
2023-02-03 13:20:00 , 41000put20230209,sell,459,40957.9,3124
2023-02-03 13:30:00 , 41000put20230209,buy,467.5,40904.75,2657
2023-02-03 13:40:00 , 41000put20230209,sell,408.55,40982.35,3065
2023-02-03 14:35:00 , 41000call20230209,buy,661.5,41319.25,2404
2023-02-03 15:25:00 , 41000put20230209,buy,228.9,41512,2176
2023-02-06 10:15:00 , 41500call20230209,sell,430.3,41610.55,2606
2023-02-06 10:15:00 , 41500put20230209,sell,315.85,41610.55,2921
2023-02-06 10:40:00 , 41500put20230209,buy,439.5,41355.65,2482
2023-02-06 11:10:00 , 41500put20230209,sell,432.7,41402.95,2914
2023-02-06 11:15:00 , 41500put20230209,buy,440.9,41350.8,2474
2023-02-06 11:25:00 , 41500put20230209,sell,375.55,41397.05,2849
2023-02-06 11:40:00 , 41500put20230209,buy,435.6,41361.45,2414
2023-02-06 12:00:00 , 41500put20230209,sell,375.2,41417.35,2789
2023-02-06 12:20:00 , 41500put20230209,buy,402.75,41365.85,2387
2023-02-06 12:25:00 , 41500put20230209,sell,408.65,41398.65,2795
2023-02-06 12:30:00 , 41500put20230209,buy,425.6,41363.65,2370
2023-02-06 12:45:00 , 41500put20230209,sell,412,41406.35,2782
2023-02-06 12:50:00 , 41500put20230209,buy,404.6,41380.1,2378
2023-02-06 13:00:00 , 41500put20230209,sell,388.55,41389.1,2766
2023-02-06 13:15:00 , 41500put20230209,buy,426.7,41385.15,2340
2023-02-06 13:30:00 , 41500put20230209,sell,393.75,41398.7,2733
2023-02-06 14:40:00 , 41500put20230209,buy,412.45,41385.35,2321
2023-02-06 14:55:00 , 41500put20230209,sell,416.45,41430.45,2737
2023-02-06 15:00:00 , 41500put20230209,buy,388.9,41368.05,2349
2023-02-06 15:05:00 , 41500put20230209,sell,414.65,41418.05,2763
2023-02-06 15:10:00 , 41500put20230209,buy,385.5,41351.3,2378
2023-02-06 15:25:00 , 41500call20230209,buy,306.55,41375.45,2072
2023-02-07 10:15:00 , 41500call20230209,sell,289.2,41404.45,2361
2023-02-07 10:15:00 , 41500put20230209,sell,337.25,41404.45,2698
2023-02-07 11:35:00 , 41500put20230209,buy,339.65,41343.6,2359
2023-02-07 11:40:00 , 41500put20230209,sell,335.85,41401.85,2694
2023-02-07 12:20:00 , 41500put20230209,buy,371.95,41362.4,2323
2023-02-07 13:45:00 , 41500put20230209,sell,335.55,41377.15,2658
2023-02-07 13:50:00 , 41500put20230209,buy,330.85,41363.95,2328
2023-02-07 13:55:00 , 41500put20230209,sell,350.05,41392.4,2678
2023-02-07 14:00:00 , 41500put20230209,buy,359,41344.75,2319
2023-02-07 14:10:00 , 41500put20230209,sell,318.25,41434.15,2637
2023-02-07 14:55:00 , 41500call20230209,buy,331.65,41566.05,2306
2023-02-07 15:10:00 , 41500call20230209,sell,298.05,41508.25,2604
2023-02-07 15:25:00 , 41500call20230209,buy,293.85,41475.5,2311
2023-02-07 15:25:00 , 41500put20230209,buy,283.15,41475.5,2028
2023-02-08 10:15:00 , 41500call20230209,sell,330.3,41557.3,2358
2023-02-08 10:15:00 , 41500put20230209,sell,162.75,41557.3,2520
2023-02-08 10:50:00 , 41500put20230209,buy,274.05,41456.25,2246
2023-02-08 11:00:00 , 41500put20230209,sell,227.3,41499.6,2473
2023-02-08 12:30:00 , 41500put20230209,buy,203,41472.95,2270
2023-02-08 12:35:00 , 41500put20230209,sell,183.85,41508.55,2453
2023-02-08 15:25:00 , 41500call20230209,buy,226.9,41559.65,2227
2023-02-08 15:25:00 , 41500put20230209,buy,162.1,41559.65,2065
2023-02-09 10:15:00 , 41600call20230216,sell,315.9,41410.5,2380
2023-02-09 10:15:00 , 41600put20230216,sell,470.55,41410.5,2850
2023-02-09 15:25:00 , 41600call20230216,buy,387.7,41564.95,2463
2023-02-09 15:25:00 , 41600put20230216,buy,304.6,41564.95,2159
2023-02-10 10:15:00 , 41400call20230216,sell,451.2,41635.9,2610
2023-02-10 10:15:00 , 41400put20230216,sell,231.1,41635.9,2841
2023-02-10 15:25:00 , 41400call20230216,buy,414.4,41550.55,2427
2023-02-10 15:25:00 , 41400put20230216,buy,219.9,41550.55,2208
2023-02-13 10:15:00 , 41500call20230216,sell,206,41305.1,2414
2023-02-13 10:15:00 , 41500put20230216,sell,398.8,41305.1,2812
2023-02-13 12:25:00 , 41500put20230216,buy,435.7,41195,2377
2023-02-13 13:05:00 , 41500put20230216,sell,394.2,41254.2,2771
2023-02-13 15:25:00 , 41500call20230216,buy,195,41285.3,2576
2023-02-13 15:25:00 , 41500put20230216,buy,367.45,41285.3,2209
2023-02-14 10:15:00 , 41400call20230216,sell,200.55,41278.7,2409
2023-02-14 10:15:00 , 41400put20230216,sell,289.35,41278.7,2698
2023-02-14 12:50:00 , 41400call20230216,buy,255,41417.4,2443
2023-02-14 13:00:00 , 41400call20230216,sell,232.95,41382.8,2675
2023-02-14 13:05:00 , 41400call20230216,buy,246.85,41412,2429
2023-02-14 15:25:00 , 41400put20230216,buy,129.3,41650.15,2300
2023-02-15 10:15:00 , 41600call20230216,sell,181.05,41572.45,2481
2023-02-15 10:15:00 , 41600put20230216,sell,176.8,41572.45,2657
2023-02-15 11:30:00 , 41600call20230216,buy,173.1,41698,2484
2023-02-15 11:35:00 , 41600call20230216,sell,194.3,41582.3,2678
2023-02-15 15:10:00 , 41600call20230216,buy,225.85,41683.05,2453
2023-02-15 15:25:00 , 41600put20230216,buy,67.55,41785.9,2386
2023-02-16 10:15:00 , 41900call20230223,sell,350.05,41867.55,2736
2023-02-16 10:15:00 , 41900put20230223,sell,318.35,41867.55,3054
2023-02-16 10:30:00 , 41900put20230223,buy,342.5,41820.5,2712
2023-02-16 10:45:00 , 41900put20230223,sell,324.65,41834.8,3036
2023-02-16 11:45:00 , 41900put20230223,buy,328.3,41791,2708
2023-02-16 11:50:00 , 41900put20230223,sell,331.85,41836.3,3039
2023-02-16 11:55:00 , 41900put20230223,buy,348.75,41815.1,2691
2023-02-16 12:05:00 , 41900put20230223,sell,334.95,41843.35,3025
2023-02-16 12:10:00 , 41900put20230223,buy,332.5,41806.35,2693
2023-02-16 13:30:00 , 41900put20230223,sell,318.05,41827.15,3011
2023-02-16 13:45:00 , 41900put20230223,buy,320.35,41822.75,2691
2023-02-16 13:50:00 , 41900put20230223,sell,330.85,41837.2,3021
2023-02-16 13:55:00 , 41900put20230223,buy,336.5,41780.65,2685
2023-02-16 15:25:00 , 41900call20230223,buy,233.7,41617.3,2452
2023-02-17 10:15:00 , 41500call20230223,sell,266.1,41413.15,2718
2023-02-17 10:15:00 , 41500put20230223,sell,339.25,41413.15,3057
2023-02-17 10:20:00 , 41500put20230223,buy,339.05,41357.3,2718
2023-02-17 10:30:00 , 41500put20230223,sell,329.2,41364.9,3047
2023-02-17 10:40:00 , 41500put20230223,buy,342.65,41330.75,2705
2023-02-17 10:55:00 , 41500put20230223,sell,334.85,41373.85,3039
2023-02-17 11:05:00 , 41500put20230223,buy,366.3,41313.55,2673
2023-02-17 15:25:00 , 41500call20230223,buy,193.65,41147.1,2480
2023-02-20 10:15:00 , 41200call20230223,sell,269.95,41240.05,2749
2023-02-20 10:15:00 , 41200put20230223,sell,264.7,41240.05,3013
2023-02-20 11:30:00 , 41200put20230223,buy,361.1,41035.25,2652
2023-02-20 15:25:00 , 41200call20230223,buy,131,40706.95,2521
2023-02-21 10:15:00 , 40700call20230223,sell,322.3,40732.1,2843
2023-02-21 10:15:00 , 40700put20230223,sell,187.3,40732.1,3030
2023-02-21 10:20:00 , 40700call20230223,buy,346.45,40799.15,2684
2023-02-21 12:10:00 , 40700call20230223,sell,274.25,40782.4,2958
2023-02-21 15:25:00 , 40700call20230223,buy,220.95,40670.35,2738
2023-02-21 15:25:00 , 40700put20230223,buy,195.85,40670.35,2543
2023-02-22 10:15:00 , 40400call20230223,sell,179.5,40378.1,2722
2023-02-22 10:15:00 , 40400put20230223,sell,194.8,40378.1,2916
2023-02-22 10:25:00 , 40400put20230223,buy,211.15,40333.55,2705
2023-02-22 10:30:00 , 40400put20230223,sell,205.9,40345.85,2910
2023-02-22 10:40:00 , 40400put20230223,buy,227.05,40333.8,2683
2023-02-22 15:25:00 , 40400call20230223,buy,42.05,39981.15,2641
2023-02-23 10:15:00 , 39900call20230302,sell,530,40031.7,3171
2023-02-23 10:15:00 , 39900put20230302,sell,304.7,40031.7,3475
2023-02-23 15:25:00 , 39900call20230302,buy,499,40025,2976
2023-02-23 15:25:00 , 39900put20230302,buy,244,40025,2732
2023-02-23 10:15:00 , 39900call20230302,sell,530,40031.7,3262
2023-02-23 10:15:00 , 39900put20230302,sell,304.7,40031.7,3566
2023-02-23 15:25:00 , 39900call20230302,buy,499,40025,3067
2023-02-23 15:25:00 , 39900put20230302,buy,244,40025,2823
2023-02-24 10:15:00 , 40200call20230302,sell,303.2,40074.6,3126
2023-02-24 10:15:00 , 40200put20230302,sell,350.4,40074.6,3476
2023-02-24 10:50:00 , 40200put20230302,buy,408.95,40018.3,3068
2023-02-24 11:20:00 , 40200put20230302,sell,375.75,40036.2,3443
2023-02-24 11:50:00 , 40200put20230302,buy,404.35,40016,3039
2023-02-24 12:00:00 , 40200put20230302,sell,393.75,40033.95,3432
2023-02-24 12:05:00 , 40200put20230302,buy,371.9,40019.3,3061
2023-02-24 12:10:00 , 40200put20230302,sell,383.15,40045,3444
2023-02-24 12:25:00 , 40200put20230302,buy,420.95,39984.5,3024
2023-02-24 14:05:00 , 40200put20230302,sell,420.25,40038.1,3444
2023-02-24 14:10:00 , 40200put20230302,buy,457.65,39948.85,2987
2023-02-24 15:25:00 , 40200call20230302,buy,207.45,39903.45,2780
2023-02-27 10:15:00 , 39800call20230302,sell,344,39882.45,3124
2023-02-27 10:15:00 , 39800put20230302,sell,245.65,39882.45,3369
2023-02-27 11:20:00 , 39800call20230302,buy,497.9,40150,2872
2023-02-27 11:25:00 , 39800call20230302,sell,498.3,40099.3,3370
2023-02-27 11:30:00 , 39800call20230302,buy,496.9,40140.35,2874
2023-02-27 11:35:00 , 39800call20230302,sell,495.6,40109.65,3369
2023-02-27 11:45:00 , 39800call20230302,buy,571.95,40220.45,2798
2023-02-27 12:25:00 , 39800call20230302,sell,513.4,40121,3311
2023-02-27 12:30:00 , 39800call20230302,buy,525,40136.2,2786
2023-02-27 13:20:00 , 39800call20230302,sell,480.9,40088.95,3266
2023-02-27 13:40:00 , 39800call20230302,buy,535.9,40140.2,2731
2023-02-27 15:25:00 , 39800put20230302,buy,83.3,40302.8,2648
2023-02-28 10:15:00 , 40300call20230302,sell,241.7,40289.55,2889
2023-02-28 10:15:00 , 40300put20230302,sell,234,40289.55,3123
2023-02-28 14:10:00 , 40300put20230302,buy,334.3,40159.95,2789
2023-02-28 14:35:00 , 40300put20230302,sell,254.9,40217.4,3043
2023-02-28 14:40:00 , 40300put20230302,buy,253.85,40187,2790
2023-02-28 15:00:00 , 40300put20230302,sell,214.7,40219.35,3004
2023-02-28 15:25:00 , 40300call20230302,buy,206.15,40283.4,2798
2023-02-28 15:25:00 , 40300put20230302,buy,210.9,40283.4,2588
2023-03-01 10:15:00 , 40400call20230302,sell,250.25,40550.85,2838
2023-03-01 10:15:00 , 40400put20230302,sell,114.4,40550.85,2952
2023-03-01 10:35:00 , 40400call20230302,buy,280.4,40597.95,2672
2023-03-01 10:40:00 , 40400call20230302,sell,298.7,40559.95,2970
2023-03-01 10:45:00 , 40400call20230302,buy,294.95,40611.05,2676
2023-03-01 12:25:00 , 40400call20230302,sell,287.75,40526.2,2963
2023-03-01 12:30:00 , 40400call20230302,buy,288.95,40590.55,2675
2023-03-01 13:25:00 , 40400call20230302,sell,270.65,40529.55,2945
2023-03-01 13:30:00 , 40400call20230302,buy,279,40582.75,2666
2023-03-01 15:25:00 , 40400put20230302,buy,41.9,40689.6,2625
2023-03-02 10:15:00 , 40600call20230309,sell,354.25,40619.7,2979
2023-03-02 10:15:00 , 40600put20230309,sell,271.5,40619.7,3250
2023-03-02 13:15:00 , 40600put20230309,buy,299.8,40540.25,2951
2023-03-02 15:25:00 , 40600call20230309,buy,208.6,40393.65,2743
2023-03-03 10:15:00 , 40600call20230309,sell,539.7,40959.85,3282
2023-03-03 10:15:00 , 40600put20230309,sell,122.25,40959.85,3404
2023-03-03 10:20:00 , 40600call20230309,buy,593.8,41008.35,2811
2023-03-03 15:25:00 , 40600put20230309,buy,77,41225.85,2734
2023-03-06 10:15:00 , 41400call20230309,sell,359.35,41648.15,3093
2023-03-06 10:15:00 , 41400put20230309,sell,116.2,41648.15,3209
2023-03-06 11:30:00 , 41400put20230309,buy,227.1,41364.8,2982
2023-03-06 11:40:00 , 41400put20230309,sell,202.4,41414.4,3184
2023-03-06 12:15:00 , 41400put20230309,buy,214.1,41383.85,2970
2023-03-06 12:20:00 , 41400put20230309,sell,209,41427.7,3179
2023-03-06 12:25:00 , 41400put20230309,buy,199.15,41400.55,2980
2023-03-06 12:30:00 , 41400put20230309,sell,214.05,41451.95,3194
2023-03-06 12:35:00 , 41400put20230309,buy,221.2,41392.2,2973
2023-03-06 13:05:00 , 41400put20230309,sell,211.8,41421.6,3184
2023-03-06 13:10:00 , 41400put20230309,buy,204.1,41390.5,2980
2023-03-06 13:15:00 , 41400put20230309,sell,192.95,41441.55,3172
2023-03-06 13:25:00 , 41400put20230309,buy,211.4,41388.15,2961
2023-03-06 15:25:00 , 41400call20230309,buy,195.4,41375.35,2766
2023-03-08 10:15:00 , 41100call20230309,sell,263.5,41245.15,3029
2023-03-08 10:15:00 , 41100put20230309,sell,119.2,41245.15,3148
2023-03-08 14:05:00 , 41100call20230309,buy,403.8,41423.3,2745
2023-03-08 15:25:00 , 41100put20230309,buy,26.55,41605.75,2719
2023-03-09 10:15:00 , 41500call20230316,sell,306.55,41490.2,3025
2023-03-09 10:15:00 , 41500put20230316,sell,333.05,41490.2,3358
2023-03-09 11:45:00 , 41500call20230316,buy,392.8,41634.1,2966
2023-03-09 11:55:00 , 41500call20230316,sell,355.35,41609.9,3321
2023-03-09 12:40:00 , 41500put20230316,buy,333.9,41428.05,2988
2023-03-09 12:45:00 , 41500put20230316,sell,330.8,41450.85,3318
2023-03-09 13:50:00 , 41500put20230316,buy,371.15,41375.65,2947
2023-03-09 15:25:00 , 41500call20230316,buy,226.55,41221.6,2721
2023-03-10 10:15:00 , 40800call20230316,sell,203.7,40545.7,2924
2023-03-10 10:15:00 , 40800put20230316,sell,442.8,40545.7,3366
2023-03-10 15:00:00 , 40800put20230316,buy,492.55,40356.7,2874
2023-03-10 15:05:00 , 40800put20230316,sell,440,40451.85,3314
2023-03-10 15:25:00 , 40800call20230316,buy,179.9,40488.1,3135
2023-03-10 15:25:00 , 40800put20230316,buy,433.35,40488.1,2702
2023-03-13 10:15:00 , 40300call20230316,sell,395.15,40517,3097
2023-03-13 10:15:00 , 40300put20230316,sell,164.95,40517,3261
2023-03-13 11:35:00 , 40300put20230316,buy,300,40332.85,2961
2023-03-13 15:25:00 , 40300call20230316,buy,111.95,39558.8,2850
2023-03-14 10:15:00 , 39500call20230316,sell,315.9,39524.1,3165
2023-03-14 10:15:00 , 39500put20230316,sell,273.55,39524.1,3438
2023-03-14 10:30:00 , 39500put20230316,buy,386.1,39307.4,3052
2023-03-14 10:50:00 , 39500put20230316,sell,379.7,39350.05,3431
2023-03-14 10:55:00 , 39500put20230316,buy,399,39313.6,3032
2023-03-14 12:30:00 , 39500put20230316,sell,232.55,39405.8,3264
2023-03-14 13:05:00 , 39500put20230316,buy,364.45,39310.2,2900
2023-03-14 13:35:00 , 39500put20230316,sell,287.5,39504.6,3187
2023-03-14 14:00:00 , 39500put20230316,buy,299.8,39318.9,2888
2023-03-14 14:05:00 , 39500put20230316,sell,319.25,39367.05,3207
2023-03-14 15:25:00 , 39500call20230316,buy,281.55,39369.65,2926
2023-03-14 15:25:00 , 39500put20230316,buy,290.5,39369.65,2636
2023-03-15 10:15:00 , 39700call20230316,sell,215.1,39641.2,2851
2023-03-15 10:15:00 , 39700put20230316,sell,201.95,39641.2,3052
2023-03-15 10:40:00 , 39700put20230316,buy,237.3,39582.85,2815
2023-03-15 11:30:00 , 39700put20230316,sell,205.8,39687.5,3020
2023-03-15 11:40:00 , 39700put20230316,buy,204.55,39627.05,2816
2023-03-15 11:45:00 , 39700put20230316,sell,209.3,39642,3025
2023-03-15 12:00:00 , 39700put20230316,buy,229,39622.9,2796
2023-03-15 15:25:00 , 39700call20230316,buy,21.8,38990.9,2775
2023-03-16 10:15:00 , 39000call20230323,sell,384.35,38635.95,3159
2023-03-16 10:15:00 , 39000put20230323,sell,613,38635.95,3772
2023-03-16 11:00:00 , 39000call20230323,buy,594,39149.95,3178
2023-03-16 11:25:00 , 39000call20230323,sell,592.4,39061.25,3770
2023-03-16 11:30:00 , 39000call20230323,buy,598.65,39160.05,3172
2023-03-16 11:40:00 , 39000call20230323,sell,540.85,39059.85,3712
2023-03-16 14:15:00 , 39000call20230323,buy,621.9,39110.25,3091
2023-03-16 15:00:00 , 39000call20230323,sell,576.95,39060.2,3667
2023-03-16 15:05:00 , 39000call20230323,buy,598.65,39099.15,3069
2023-03-16 15:15:00 , 39000call20230323,sell,590.8,39060.95,3659
2023-03-16 15:20:00 , 39000call20230323,buy,661.35,39105.9,2998
2023-03-16 15:25:00 , 39000put20230323,buy,326.55,39196.05,2672
2023-03-17 10:15:00 , 39400call20230323,sell,378.15,39255.5,3050
2023-03-17 10:15:00 , 39400put20230323,sell,441.6,39255.5,3491
2023-03-17 10:30:00 , 39400put20230323,buy,473,39190,3018
2023-03-17 10:40:00 , 39400put20230323,sell,459.75,39265,3477
2023-03-17 10:55:00 , 39400put20230323,buy,471.65,39189.45,3006
2023-03-17 14:05:00 , 39400put20230323,sell,447.85,39238.4,3453
2023-03-17 14:15:00 , 39400put20230323,buy,459.25,39206.85,2994
2023-03-17 14:40:00 , 39400put20230323,sell,401.7,39301.2,3395
2023-03-17 15:15:00 , 39400call20230323,buy,526,39656.25,2869
2023-03-17 15:25:00 , 39400put20230323,buy,231.95,39627.2,2638
2023-03-20 10:15:00 , 39500call20230323,sell,227.25,39136.55,2865
2023-03-20 10:15:00 , 39500put20230323,sell,516,39136.55,3381
2023-03-20 10:30:00 , 39500put20230323,buy,572.2,39085.55,2809
2023-03-20 10:45:00 , 39500put20230323,sell,527.95,39142.55,3336
2023-03-20 12:15:00 , 39500put20230323,buy,597.9,39085.1,2739
2023-03-20 12:50:00 , 39500put20230323,sell,597.7,39142.3,3336
2023-03-20 12:55:00 , 39500put20230323,buy,633.55,39068.95,2703
2023-03-20 14:25:00 , 39500put20230323,sell,529.25,39121.2,3232
2023-03-20 15:25:00 , 39500call20230323,buy,289.85,39407.75,2943
2023-03-20 15:25:00 , 39500put20230323,buy,374,39407.75,2569
2023-03-21 10:15:00 , 39500call20230323,sell,370.5,39538.7,2939
2023-03-21 10:15:00 , 39500put20230323,sell,272.55,39538.7,3211
2023-03-21 12:55:00 , 39500call20230323,buy,410.35,39646.65,2801
2023-03-21 15:25:00 , 39500put20230323,buy,118.7,39853.35,2683
2023-03-22 10:15:00 , 40000call20230323,sell,209.05,39975.6,2892
2023-03-22 10:15:00 , 40000put20230323,sell,264,39975.6,3156
2023-03-22 15:25:00 , 40000call20230323,buy,218.85,40013.3,2938
2023-03-22 15:25:00 , 40000put20230323,buy,217.8,40013.3,2721
2023-03-23 10:15:00 , 39800call20230329,sell,576.65,39969.4,3297
2023-03-23 10:15:00 , 39800put20230329,sell,254,39969.4,3551
2023-03-23 10:35:00 , 39800call20230329,buy,640,40091.6,2911
2023-03-23 10:45:00 , 39800call20230329,sell,603.05,40054.2,3514
2023-03-23 12:25:00 , 39800call20230329,buy,601.5,40076.6,2913
2023-03-23 13:55:00 , 39800call20230329,sell,559.4,40030.9,3472
2023-03-23 15:10:00 , 39800put20230329,buy,414.6,39678.3,3058
2023-03-23 15:25:00 , 39800call20230329,buy,297.6,39582,2761
2023-03-24 10:15:00 , 39500call20230329,sell,424.8,39476.5,3185
2023-03-24 10:15:00 , 39500put20230329,sell,314.95,39476.5,3499
2023-03-24 11:45:00 , 39500call20230329,buy,524.4,39706.3,2975
2023-03-24 12:45:00 , 39500call20230329,sell,442,39599.55,3417
2023-03-24 13:15:00 , 39500call20230329,buy,486.35,39682,2931
2023-03-24 13:25:00 , 39500call20230329,sell,475.2,39662.2,3406
2023-03-24 15:10:00 , 39500put20230329,buy,342.05,39423.3,3064
2023-03-24 15:15:00 , 39500put20230329,sell,349.9,39462.1,3413
2023-03-24 15:25:00 , 39500call20230329,buy,274.5,39365.85,3139
2023-03-24 15:25:00 , 39500put20230329,buy,413.55,39365.85,2726
2023-03-27 10:15:00 , 39400call20230329,sell,403.8,39529.2,3129
2023-03-27 10:15:00 , 39400put20230329,sell,227.05,39529.2,3356
2023-03-27 11:25:00 , 39400put20230329,buy,302.2,39312.15,3054
2023-03-27 11:30:00 , 39400put20230329,sell,307.4,39356.55,3361
2023-03-27 14:30:00 , 39400call20230329,buy,459.65,39603.3,2902
2023-03-27 14:55:00 , 39400call20230329,sell,442.85,39569.4,3344
2023-03-27 15:00:00 , 39400call20230329,buy,426.3,39654.5,2918
2023-03-27 15:05:00 , 39400call20230329,sell,358.2,39548.55,3276
2023-03-27 15:25:00 , 39400call20230329,buy,283.9,39306.05,2993
2023-03-27 15:25:00 , 39400put20230329,buy,221.6,39306.05,2772
2023-03-28 10:15:00 , 39500call20230329,sell,219.5,39420.7,2991
2023-03-28 10:15:00 , 39500put20230329,sell,197.4,39420.7,3188
2023-03-28 10:40:00 , 39500put20230329,buy,247.35,39354.4,2941
2023-03-28 11:15:00 , 39500put20230329,sell,215.15,39411.75,3156
2023-03-28 14:20:00 , 39500put20230329,buy,242,39389.6,2914
2023-03-28 14:30:00 , 39500put20230329,sell,189.15,39440.3,3103
2023-03-28 15:05:00 , 39500call20230329,buy,186.4,39569.35,2917
2023-03-28 15:20:00 , 39500call20230329,sell,205.45,39544.75,3122
2023-03-28 15:25:00 , 39500call20230329,buy,232.7,39576.75,2890
2023-03-28 15:25:00 , 39500put20230329,buy,110.65,39576.75,2780
2023-03-31 10:15:00 , 40200call20230406,sell,492,40483.65,3272
2023-03-31 10:15:00 , 40200put20230406,sell,211.55,40483.65,3483
2023-03-31 12:50:00 , 40200call20230406,buy,530.15,40541.45,2953
2023-03-31 13:00:00 , 40200call20230406,sell,514.55,40512.6,3467
2023-03-31 13:10:00 , 40200call20230406,buy,525.3,40541,2942
2023-03-31 13:20:00 , 40200call20230406,sell,524.5,40486.5,3466
2023-03-31 13:25:00 , 40200call20230406,buy,530.35,40538.5,2936
2023-03-31 13:40:00 , 40200call20230406,sell,515.45,40518.1,3451
2023-03-31 13:50:00 , 40200call20230406,buy,541.35,40562.9,2910
2023-03-31 15:25:00 , 40200put20230406,buy,159.85,40545.7,2751
2023-04-03 10:15:00 , 40600call20230406,sell,297.05,40676.2,3048
2023-04-03 10:15:00 , 40600put20230406,sell,232.45,40676.2,3280
2023-04-03 12:15:00 , 40600call20230406,buy,310.55,40739.9,2970
2023-04-03 12:20:00 , 40600call20230406,sell,324.55,40674.85,3294
2023-04-03 12:25:00 , 40600call20230406,buy,317,40730.75,2977
2023-04-03 12:30:00 , 40600call20230406,sell,320,40691.6,3297
2023-04-03 12:35:00 , 40600call20230406,buy,322.55,40726.7,2975
2023-04-03 12:45:00 , 40600call20230406,sell,321.25,40686.5,3296
2023-04-03 12:50:00 , 40600call20230406,buy,327.95,40711.95,2969
2023-04-03 13:05:00 , 40600call20230406,sell,301.5,40676.45,3270
2023-04-03 13:10:00 , 40600call20230406,buy,307.6,40725.6,2963
2023-04-03 13:20:00 , 40600call20230406,sell,311.4,40698.45,3274
2023-04-03 13:25:00 , 40600call20230406,buy,309.2,40714.8,2965
2023-04-03 13:35:00 , 40600call20230406,sell,314.9,40690.35,3279
2023-04-03 13:40:00 , 40600call20230406,buy,310.45,40744,2969
2023-04-03 14:05:00 , 40600call20230406,sell,336.25,40699.6,3305
2023-04-03 14:10:00 , 40600call20230406,buy,338,40795.35,2967
2023-04-03 15:25:00 , 40600put20230406,buy,126.45,40810.6,2841
2023-04-05 10:15:00 , 40900call20230406,sell,170.1,40891.65,3011
2023-04-05 10:15:00 , 40900put20230406,sell,185.6,40891.65,3196
2023-04-05 12:55:00 , 40900call20230406,buy,179,40978.3,3017
2023-04-05 13:00:00 , 40900call20230406,sell,189,40954.5,3206
2023-04-05 13:05:00 , 40900call20230406,buy,247.8,40982.7,2959
2023-04-05 13:40:00 , 40900call20230406,sell,193.2,40960.2,3152
2023-04-05 14:40:00 , 40900call20230406,buy,193.25,40984.95,2959
2023-04-05 14:45:00 , 40900call20230406,sell,194,40952,3153
2023-04-05 14:50:00 , 40900call20230406,buy,201.6,40983.3,2952
2023-04-05 15:20:00 , 40900call20230406,sell,205.6,40967.7,3157
2023-04-05 15:25:00 , 40900call20230406,buy,204.05,41014,2953
2023-04-05 15:25:00 , 40900put20230406,buy,106.4,41014,2847
2023-04-06 10:15:00 , 40900call20230413,sell,466.3,41118.5,3313
2023-04-06 10:15:00 , 40900put20230413,sell,198.9,41118.5,3511
2023-04-06 10:55:00 , 40900call20230413,buy,506.05,41178.1,3005
2023-04-06 11:50:00 , 40900call20230413,sell,457.5,41162.05,3462
2023-04-06 15:25:00 , 40900call20230413,buy,356.85,41003.55,3106
2023-04-06 15:25:00 , 40900put20230413,buy,182.7,41003.55,2924
2023-04-10 10:15:00 , 41100call20230413,sell,156.85,40936.85,3080
2023-04-10 10:15:00 , 41100put20230413,sell,318.65,40936.85,3398
2023-04-10 10:30:00 , 41100put20230413,buy,325.7,40880,3073
2023-04-10 10:35:00 , 41100put20230413,sell,309,40898.95,3382
2023-04-10 11:00:00 , 41100put20230413,buy,327,40883.7,3055
2023-04-10 11:05:00 , 41100put20230413,sell,320.8,40894.2,3375
2023-04-10 11:10:00 , 41100put20230413,buy,331.45,40866.05,3044
2023-04-10 11:15:00 , 41100put20230413,sell,332.25,40896.55,3376
2023-04-10 11:25:00 , 41100put20230413,buy,331.95,40862.75,3045
2023-04-10 11:45:00 , 41100put20230413,sell,309.85,40893.95,3354
2023-04-10 14:20:00 , 41100put20230413,buy,422.9,40841.75,2932
2023-04-10 15:25:00 , 41100call20230413,buy,116.8,40833.35,2816
2023-04-11 10:15:00 , 41200call20230413,sell,239.75,41248.85,3055
2023-04-11 10:15:00 , 41200put20230413,sell,151.2,41248.85,3206
2023-04-11 10:25:00 , 41200call20230413,buy,267.05,41290.85,2939
2023-04-11 10:35:00 , 41200call20230413,sell,244,41263.95,3183
2023-04-11 10:40:00 , 41200call20230413,buy,237.85,41294.55,2946
2023-04-11 10:50:00 , 41200call20230413,sell,218.25,41249.75,3164
2023-04-11 11:10:00 , 41200call20230413,buy,276.25,41339.05,2888
2023-04-11 13:10:00 , 41200call20230413,sell,214.35,41254.15,3102
2023-04-11 13:30:00 , 41200call20230413,buy,233.75,41289.5,2869
2023-04-11 15:25:00 , 41200put20230413,buy,102.4,41352.3,2767
2023-04-12 10:15:00 , 41400call20230413,sell,153.3,41413.9,2920
2023-04-12 10:15:00 , 41400put20230413,sell,143,41413.9,3063
2023-04-12 11:40:00 , 41400call20230413,buy,180.4,41483,2883
2023-04-12 11:55:00 , 41400call20230413,sell,181.75,41478.15,3064
2023-04-12 12:00:00 , 41400call20230413,buy,175.3,41498.2,2889
2023-04-12 12:05:00 , 41400call20230413,sell,171.4,41476.55,3060
2023-04-12 12:35:00 , 41400call20230413,buy,160,41481.25,2900
2023-04-12 12:40:00 , 41400call20230413,sell,160.25,41439.85,3060
2023-04-12 13:25:00 , 41400call20230413,buy,182.6,41486.3,2878
2023-04-12 15:00:00 , 41400call20230413,sell,202.05,41477.45,3080
2023-04-12 15:05:00 , 41400call20230413,buy,199.45,41517.25,2881
2023-04-12 15:25:00 , 41400put20230413,buy,70,41597.5,2811
2023-04-13 10:15:00 , 41600call20230420,sell,340.5,41685.75,3151
2023-04-13 10:15:00 , 41600put20230420,sell,235.4,41685.75,3386
2023-04-13 13:50:00 , 41600call20230420,buy,369,41798.25,3017
2023-04-13 13:55:00 , 41600call20230420,sell,393.95,41745.05,3410
2023-04-13 14:00:00 , 41600call20230420,buy,397.95,41818.9,3013
2023-04-13 15:25:00 , 41600put20230420,buy,93.25,42181.6,2920
2023-04-17 10:15:00 , 42600call20230420,sell,57.5,41890.05,2977
2023-04-17 10:15:00 , 42600put20230420,sell,732.5,41890.05,3709
2023-04-17 15:25:00 , 42600call20230420,buy,97.15,42262,3612
2023-04-17 15:25:00 , 42600put20230420,buy,420.1,42262,3192
2023-04-18 10:15:00 , 42400call20230420,sell,174.25,42358.95,3366
2023-04-18 10:15:00 , 42400put20230420,sell,229.3,42358.95,3595
2023-04-18 11:25:00 , 42400call20230420,buy,218.45,42467.3,3377
2023-04-18 11:30:00 , 42400call20230420,sell,219.6,42445.4,3596
2023-04-18 12:50:00 , 42400call20230420,buy,205.85,42453.95,3391
2023-04-18 12:55:00 , 42400call20230420,sell,207.4,42439.7,3598
2023-04-18 13:05:00 , 42400call20230420,buy,226.5,42471.5,3372
2023-04-18 13:30:00 , 42400call20230420,sell,187.9,42433.15,3559
2023-04-18 13:45:00 , 42400put20230420,buy,321,42253.1,3238
2023-04-18 14:35:00 , 42400put20230420,sell,248.15,42284.25,3486
2023-04-18 14:40:00 , 42400put20230420,buy,281.1,42267,3205
2023-04-18 14:55:00 , 42400put20230420,sell,189.35,42317.35,3394
2023-04-18 15:15:00 , 42400put20230420,buy,247.85,42262.55,3147
2023-04-18 15:25:00 , 42400call20230420,buy,137.7,42243.15,3010
2023-04-19 10:15:00 , 42200call20230420,sell,162.3,42166.4,3172
2023-04-19 10:15:00 , 42200put20230420,sell,163,42166.4,3335
2023-04-19 11:25:00 , 42200put20230420,buy,201.4,42108.1,3134
2023-04-19 11:45:00 , 42200put20230420,sell,188.65,42146.55,3322
2023-04-19 11:50:00 , 42200put20230420,buy,186.3,42130.6,3136
2023-04-19 11:55:00 , 42200put20230420,sell,186.85,42147.05,3322
2023-04-19 12:00:00 , 42200put20230420,buy,191.2,42123.55,3131
2023-04-19 12:25:00 , 42200put20230420,sell,180,42145.9,3311
2023-04-19 13:25:00 , 42200put20230420,buy,161.55,42135.05,3150
2023-04-19 13:30:00 , 42200put20230420,sell,164.8,42196.5,3314
2023-04-19 13:45:00 , 42200put20230420,buy,240,42132.65,3074
2023-04-19 14:35:00 , 42200put20230420,sell,174.8,42161.6,3248
2023-04-19 14:45:00 , 42200put20230420,buy,194.5,42132.1,3054
2023-04-19 14:55:00 , 42200put20230420,sell,178.1,42144.9,3232
2023-04-19 15:00:00 , 42200put20230420,buy,192.65,42116.15,3040
2023-04-19 15:15:00 , 42200put20230420,sell,151.1,42163.55,3191
2023-04-19 15:25:00 , 42200call20230420,buy,111.8,42158.8,3080
2023-04-19 15:25:00 , 42200put20230420,buy,160.4,42158.8,2920
2023-04-20 10:15:00 , 42200call20230427,sell,363.65,42252.7,3283
2023-04-20 10:15:00 , 42200put20230427,sell,257.1,42252.7,3540
2023-04-20 15:25:00 , 42200call20230427,buy,319.95,42267.05,3221
2023-04-20 15:25:00 , 42200put20230427,buy,246.9,42267.05,2975
2023-04-21 10:15:00 , 42200call20230427,sell,287.65,42204.15,3262
2023-04-21 10:15:00 , 42200put20230427,sell,253.75,42204.15,3515
2023-04-21 11:40:00 , 42200put20230427,buy,257.45,42166.7,3258
2023-04-21 11:45:00 , 42200put20230427,sell,255.5,42193.4,3513
2023-04-21 11:55:00 , 42200put20230427,buy,268,42185.15,3245
2023-04-21 15:25:00 , 42200call20230427,buy,213.2,42052.05,3032
2023-04-24 10:15:00 , 42400call20230427,sell,188.85,42333.1,3220
2023-04-24 10:15:00 , 42400put20230427,sell,249.15,42333.1,3469
2023-04-24 12:55:00 , 42400call20230427,buy,282.85,42487.7,3187
2023-04-24 15:25:00 , 42400put20230427,buy,112.95,42646.65,3075
2023-04-25 10:15:00 , 42700call20230427,sell,232.75,42789.55,3307
2023-04-25 10:15:00 , 42700put20230427,sell,144,42789.55,3451
2023-04-25 10:20:00 , 42700call20230427,buy,241,42813.25,3210
2023-04-25 10:35:00 , 42700call20230427,sell,224.6,42761.2,3434
2023-04-25 10:45:00 , 42700call20230427,buy,234.5,42801.9,3200
2023-04-25 11:05:00 , 42700call20230427,sell,228.75,42790.2,3428
2023-04-25 11:10:00 , 42700call20230427,buy,242.85,42810.35,3186
2023-04-25 11:50:00 , 42700call20230427,sell,237.55,42781.15,3423
2023-04-25 11:55:00 , 42700call20230427,buy,238.7,42812.1,3185
2023-04-25 12:10:00 , 42700call20230427,sell,228.95,42782,3413
2023-04-25 13:50:00 , 42700call20230427,buy,225,42809.9,3188
2023-04-25 13:55:00 , 42700call20230427,sell,177.95,42797.55,3365
2023-04-25 14:20:00 , 42700call20230427,buy,227.75,42803.05,3138
2023-04-25 14:25:00 , 42700call20230427,sell,220.9,42767.05,3358
2023-04-25 14:40:00 , 42700call20230427,buy,235,42803.65,3123
2023-04-25 14:50:00 , 42700call20230427,sell,209.7,42787.65,3332
2023-04-25 15:25:00 , 42700call20230427,buy,147.95,42620.8,3185
2023-04-25 15:25:00 , 42700put20230427,buy,178.95,42620.8,3007
2023-04-26 10:15:00 , 42500call20230427,sell,177.25,42496.45,3184
2023-04-26 10:15:00 , 42500put20230427,sell,123.2,42496.45,3307
2023-04-26 11:20:00 , 42500call20230427,buy,239.25,42642.55,3068
2023-04-26 15:25:00 , 42500put20230427,buy,31.75,42822.25,3037
2023-04-27 10:15:00 , 42700call20230504,sell,385.55,42877.25,3422
2023-04-27 10:15:00 , 42700put20230504,sell,245.6,42877.25,3667
2023-04-27 13:35:00 , 42700call20230504,buy,448.55,42949.85,3219
2023-04-27 13:55:00 , 42700call20230504,sell,440.85,42924.35,3659
2023-04-27 14:00:00 , 42700call20230504,buy,445.95,42953.5,3214
2023-04-27 14:15:00 , 42700call20230504,sell,428.4,42933.75,3642
2023-04-27 14:55:00 , 42700call20230504,buy,419,42942.2,3223
2023-04-27 15:00:00 , 42700call20230504,sell,415.2,42934.25,3638
2023-04-27 15:05:00 , 42700call20230504,buy,423.75,42952.9,3215
2023-04-27 15:25:00 , 42700put20230504,buy,169.25,43025.1,3046
2023-04-27 10:15:00 , 42700call20230504,sell,385.55,42877.25,3431
2023-04-27 10:15:00 , 42700put20230504,sell,245.6,42877.25,3676
2023-04-27 13:35:00 , 42700call20230504,buy,448.55,42949.85,3228
2023-04-27 13:55:00 , 42700call20230504,sell,440.85,42924.35,3668
2023-04-27 14:00:00 , 42700call20230504,buy,445.95,42953.5,3223
2023-04-27 14:15:00 , 42700call20230504,sell,428.4,42933.75,3651
2023-04-27 14:55:00 , 42700call20230504,buy,419,42942.2,3232
2023-04-27 15:00:00 , 42700call20230504,sell,415.2,42934.25,3647
2023-04-27 15:05:00 , 42700call20230504,buy,423.75,42952.9,3224
2023-04-27 15:25:00 , 42700put20230504,buy,169.25,43025.1,3055
2023-04-28 10:15:00 , 43000call20230504,sell,207,42861.15,3262
2023-04-28 10:15:00 , 43000put20230504,sell,350.6,42861.15,3612
2023-04-28 10:20:00 , 43000put20230504,buy,343.2,42831.5,3269
2023-04-28 10:25:00 , 43000put20230504,sell,325.65,42847.3,3594
2023-04-28 10:40:00 , 43000put20230504,buy,339.1,42830.45,3255
2023-04-28 10:55:00 , 43000put20230504,sell,295.9,42873,3550
2023-04-28 15:10:00 , 43000call20230504,buy,372.8,43199.7,3178
2023-04-28 15:25:00 , 43000put20230504,buy,137.25,43279.55,3041
2023-05-02 10:15:00 , 43300call20230504,sell,250.1,43411,3291
2023-05-02 10:15:00 , 43300put20230504,sell,151.5,43411,3442
2023-05-02 11:55:00 , 43300call20230504,buy,272.25,43475.3,3170
2023-05-02 12:00:00 , 43300call20230504,sell,267,43448.05,3437
2023-05-02 12:25:00 , 43300call20230504,buy,266.05,43479.5,3171
2023-05-02 12:30:00 , 43300call20230504,sell,270.2,43457.55,3441
2023-05-02 15:20:00 , 43300put20230504,buy,160,43302.05,3281
2023-05-02 15:25:00 , 43300call20230504,buy,213.1,43315.15,3068
2023-05-03 10:15:00 , 43100call20230504,sell,221.2,43167.6,3289
2023-05-03 10:15:00 , 43100put20230504,sell,120.65,43167.6,3409
2023-05-03 10:50:00 , 43100call20230504,buy,269.95,43274.15,3140
2023-05-03 11:10:00 , 43100call20230504,sell,235.2,43237.25,3375
2023-05-03 13:30:00 , 43100call20230504,buy,250,43248.25,3125
2023-05-03 13:40:00 , 43100call20230504,sell,231.9,43240.15,3356
2023-05-03 14:15:00 , 43100call20230504,buy,231.9,43255.1,3125
2023-05-03 14:20:00 , 43100call20230504,sell,239.35,43238.95,3364
2023-05-03 14:25:00 , 43100call20230504,buy,248.85,43250.65,3116
2023-05-03 15:25:00 , 43100put20230504,buy,66.8,43330.85,3050
2023-05-04 10:15:00 , 43200call20230511,sell,360.9,43322.75,3410
2023-05-04 10:15:00 , 43200put20230511,sell,245.8,43322.75,3655
2023-05-04 11:10:00 , 43200call20230511,buy,395.95,43390.85,3260
2023-05-04 12:20:00 , 43200call20230511,sell,407.3,43352.55,3667
2023-05-04 12:25:00 , 43200call20230511,buy,406.8,43418.05,3261
2023-05-04 15:25:00 , 43200put20230511,buy,110.75,43716.55,3151
2023-05-05 10:15:00 , 43100call20230511,sell,569.45,43534.85,3720
2023-05-05 10:15:00 , 43100put20230511,sell,98.8,43534.85,3818
2023-05-05 10:25:00 , 43100call20230511,buy,583,43557.05,3235
2023-05-05 10:35:00 , 43100call20230511,sell,551,43539,3786
2023-05-05 13:50:00 , 43100put20230511,buy,358.6,43065.85,3428
2023-05-05 15:25:00 , 43100call20230511,buy,133.25,42625.1,3295
2023-05-08 10:15:00 , 42700call20230511,sell,575.05,43206.75,3870
2023-05-08 10:15:00 , 42700put20230511,sell,94.9,43206.75,3964
2023-05-08 13:40:00 , 42700call20230511,buy,690,43319.7,3274
2023-05-08 13:45:00 , 42700call20230511,sell,690.25,43302.15,3964
2023-05-08 14:00:00 , 42700call20230511,buy,780.8,43345.9,3184
2023-05-08 14:20:00 , 42700call20230511,sell,700,43300.55,3884
2023-05-08 14:45:00 , 42700call20230511,buy,720.15,43336.1,3164
2023-05-08 15:10:00 , 42700call20230511,sell,625.75,43296.95,3789
2023-05-08 15:25:00 , 42700call20230511,buy,723.25,43317.85,3066
2023-05-08 15:25:00 , 42700put20230511,buy,43.55,43317.85,3023
2023-05-09 10:15:00 , 43400call20230511,sell,228.9,43381.35,3251
2023-05-09 10:15:00 , 43400put20230511,sell,176.95,43381.35,3427
2023-05-09 12:05:00 , 43400call20230511,buy,252.25,43508.2,3175
2023-05-09 12:20:00 , 43400call20230511,sell,240.55,43472.15,3415
2023-05-09 12:35:00 , 43400call20230511,buy,232.15,43492,3183
2023-05-09 12:40:00 , 43400call20230511,sell,246,43464.5,3429
2023-05-09 12:45:00 , 43400call20230511,buy,246.6,43502.85,3183
2023-05-09 13:00:00 , 43400call20230511,sell,229,43462.85,3412
2023-05-09 14:05:00 , 43400put20230511,buy,278.2,43218.75,3134
2023-05-09 14:15:00 , 43400put20230511,sell,274.05,43286.3,3408
2023-05-09 14:20:00 , 43400put20230511,buy,270.8,43258.4,3138
2023-05-09 14:35:00 , 43400put20230511,sell,209.1,43308.5,3347
2023-05-09 14:50:00 , 43400put20230511,buy,265.5,43276.7,3082
2023-05-09 15:05:00 , 43400put20230511,sell,251.35,43281.3,3333
2023-05-09 15:10:00 , 43400put20230511,buy,286.95,43230.15,3047
2023-05-09 15:25:00 , 43400call20230511,buy,110.2,43146.6,2937
2023-05-10 10:15:00 , 43200call20230511,sell,102,42919.55,3039
2023-05-10 10:15:00 , 43200put20230511,sell,357.05,42919.55,3396
2023-05-10 15:25:00 , 43200call20230511,buy,229.4,43364.95,3167
2023-05-10 15:25:00 , 43200put20230511,buy,90.6,43364.95,3077
2023-05-11 10:15:00 , 43500call20230518,sell,349.15,43558.95,3426
2023-05-11 10:15:00 , 43500put20230518,sell,306.85,43558.95,3732
2023-05-11 10:55:00 , 43500call20230518,buy,363.35,43632.6,3369
2023-05-11 11:05:00 , 43500call20230518,sell,337.5,43589.1,3706
2023-05-11 14:25:00 , 43500call20230518,buy,377.25,43636.15,3329
2023-05-11 14:35:00 , 43500call20230518,sell,335,43588.9,3664
2023-05-11 15:25:00 , 43500call20230518,buy,297.45,43486.2,3367
2023-05-11 15:25:00 , 43500put20230518,buy,311.95,43486.2,3056
2023-05-12 10:15:00 , 43400call20230518,sell,311.05,43457.55,3367
2023-05-12 10:15:00 , 43400put20230518,sell,286.5,43457.55,3653
2023-05-12 10:45:00 , 43400call20230518,buy,363.85,43555.95,3290
2023-05-12 11:30:00 , 43400call20230518,sell,328,43497.25,3618
2023-05-12 12:00:00 , 43400call20230518,buy,358.8,43555.65,3260
2023-05-12 15:25:00 , 43400put20230518,buy,166.8,43781.65,3094
2023-05-15 10:15:00 , 43800call20230518,sell,328.95,43961.4,3422
2023-05-15 10:15:00 , 43800put20230518,sell,212.8,43961.4,3634
2023-05-15 10:45:00 , 43800call20230518,buy,325.6,43978.65,3309
2023-05-15 10:50:00 , 43800call20230518,sell,326,43965.85,3635
2023-05-15 11:05:00 , 43800call20230518,buy,339.65,43986.45,3296
2023-05-15 15:25:00 , 43800put20230518,buy,174.3,44103.5,3122
2023-05-16 10:15:00 , 44100call20230518,sell,224.7,44077.45,3346
2023-05-16 10:15:00 , 44100put20230518,sell,217.5,44077.45,3563
2023-05-16 15:25:00 , 44100call20230518,buy,105.55,43905.6,3458
2023-05-16 15:25:00 , 44100put20230518,buy,318.65,43905.6,3140
2023-05-17 10:15:00 , 43900call20230518,sell,171.95,43877.45,3311
2023-05-17 10:15:00 , 43900put20230518,sell,177.4,43877.45,3488
2023-05-17 10:45:00 , 43900put20230518,buy,227.35,43803.5,3261
2023-05-17 11:05:00 , 43900put20230518,sell,221.5,43812.15,3482
2023-05-17 11:40:00 , 43900put20230518,buy,239.5,43775.5,3243
2023-05-17 15:25:00 , 43900call20230518,buy,66.3,43733.15,3177
2023-05-18 10:15:00 , 44000call20230525,sell,285.95,43891.15,3462
2023-05-18 10:15:00 , 44000put20230525,sell,359.05,43891.15,3821
2023-05-18 14:15:00 , 44000put20230525,buy,404.1,43818.5,3417
2023-05-18 14:30:00 , 44000put20230525,sell,373.35,43852.25,3790
2023-05-18 14:45:00 , 44000put20230525,buy,387,43814.1,3403
2023-05-18 14:50:00 , 44000put20230525,sell,405.95,43862.95,3808
2023-05-18 14:55:00 , 44000put20230525,buy,385.55,43830.75,3423
2023-05-18 15:00:00 , 44000put20230525,sell,402,43864.15,3825
2023-05-18 15:05:00 , 44000put20230525,buy,429.75,43844.55,3396
2023-05-18 15:25:00 , 44000call20230525,buy,214.15,43760.4,3182
2023-05-19 10:15:00 , 43900call20230525,sell,177.4,43581.15,3359
2023-05-19 10:15:00 , 43900put20230525,sell,459.7,43581.15,3818
2023-05-19 15:15:00 , 43900call20230525,buy,304.95,43969.15,3514
2023-05-19 15:25:00 , 43900put20230525,buy,216.55,44003,3298
2023-05-22 10:15:00 , 43900call20230525,sell,241.85,43851.45,3539
2023-05-22 10:15:00 , 43900put20230525,sell,255.1,43851.45,3794
2023-05-22 13:35:00 , 43900put20230525,buy,343.65,43788.95,3451
2023-05-22 14:00:00 , 43900put20230525,sell,276.6,43791.1,3727
2023-05-22 14:35:00 , 43900put20230525,buy,277.45,43787.9,3450
2023-05-22 14:55:00 , 43900put20230525,sell,234.7,43857.3,3684
2023-05-22 15:25:00 , 43900call20230525,buy,222.65,43900.9,3462
2023-05-22 15:25:00 , 43900put20230525,buy,226.7,43900.9,3236
2023-05-23 10:15:00 , 43900call20230525,sell,267.05,44015.75,3503
2023-05-23 10:15:00 , 43900put20230525,sell,152,44015.75,3655
2023-05-23 10:55:00 , 43900call20230525,buy,281.8,44060.3,3374
2023-05-23 11:00:00 , 43900call20230525,sell,277.5,44056.95,3651
2023-05-23 11:15:00 , 43900call20230525,buy,271.5,44062.4,3380
2023-05-23 11:20:00 , 43900call20230525,sell,263.7,44051.1,3643
2023-05-23 13:05:00 , 43900call20230525,buy,258.05,44070.7,3385
2023-05-23 13:10:00 , 43900call20230525,sell,258.1,44019.2,3643
2023-05-23 13:45:00 , 43900call20230525,buy,271.65,44059.4,3372
2023-05-23 13:50:00 , 43900call20230525,sell,282.05,44046,3654
2023-05-23 13:55:00 , 43900call20230525,buy,276.5,44058.75,3378
2023-05-23 14:05:00 , 43900call20230525,sell,276.9,44035.85,3654
2023-05-23 14:10:00 , 43900call20230525,buy,277.6,44064.7,3377
2023-05-23 14:15:00 , 43900call20230525,sell,270.45,44053,3647
2023-05-23 14:25:00 , 43900call20230525,buy,277.7,44081.3,3370
2023-05-23 14:30:00 , 43900call20230525,sell,280.7,44053.9,3650
2023-05-23 14:35:00 , 43900call20230525,buy,278.4,44080.05,3372
2023-05-23 14:50:00 , 43900call20230525,sell,254,44021.8,3626
2023-05-23 15:25:00 , 43900call20230525,buy,210.8,43931.55,3416
2023-05-23 15:25:00 , 43900put20230525,buy,159.6,43931.55,3257
2023-05-24 10:15:00 , 43700call20230525,sell,300.1,43896,3557
2023-05-24 10:15:00 , 43700put20230525,sell,79.1,43896,3636
2023-05-24 10:50:00 , 43700call20230525,buy,337.1,43945.55,3299
2023-05-24 11:15:00 , 43700call20230525,sell,324.3,43932.55,3623
2023-05-24 11:25:00 , 43700call20230525,buy,348,43978,3275
2023-05-24 11:50:00 , 43700call20230525,sell,297.2,43918.35,3572
2023-05-24 15:00:00 , 43700put20230525,buy,133.85,43688.45,3439
2023-05-24 15:25:00 , 43700call20230525,buy,146,43686.65,3293
2023-05-25 10:15:00 , 43600call20230601,sell,343.95,43517.15,3636
2023-05-25 10:15:00 , 43600put20230601,sell,345.35,43517.15,3981
2023-05-25 10:30:00 , 43600put20230601,buy,372.2,43509.5,3609
2023-05-25 10:35:00 , 43600put20230601,sell,356.05,43514.4,3965
2023-05-25 10:50:00 , 43600put20230601,buy,359,43505.75,3606
2023-05-25 10:55:00 , 43600put20230601,sell,371,43533.4,3977
2023-05-25 11:00:00 , 43600put20230601,buy,365.25,43492.95,3612
2023-05-25 11:05:00 , 43600put20230601,sell,366.6,43525.1,3978
2023-05-25 11:25:00 , 43600put20230601,buy,384.3,43500.1,3594
2023-05-25 12:05:00 , 43600put20230601,sell,379.25,43523.3,3973
2023-05-25 12:10:00 , 43600put20230601,buy,365.35,43501.2,3608
2023-05-25 12:15:00 , 43600put20230601,sell,365.45,43543.3,3973
2023-05-25 13:05:00 , 43600put20230601,buy,416.55,43494.35,3557
2023-05-25 14:20:00 , 43600put20230601,sell,377.55,43524.5,3934
2023-05-25 14:25:00 , 43600put20230601,buy,338.95,43509.8,3596
2023-05-25 14:30:00 , 43600put20230601,sell,354.25,43571.05,3950
2023-05-25 15:25:00 , 43600call20230601,buy,349.65,43686.95,3601
2023-05-25 15:25:00 , 43600put20230601,buy,264.1,43686.95,3337
2023-05-25 10:15:00 , 43600call20230601,sell,343.95,43517.15,3680
2023-05-25 10:15:00 , 43600put20230601,sell,345.35,43517.15,4025
2023-05-25 10:30:00 , 43600put20230601,buy,372.2,43509.5,3653
2023-05-25 10:35:00 , 43600put20230601,sell,356.05,43514.4,4009
2023-05-25 10:50:00 , 43600put20230601,buy,359,43505.75,3650
2023-05-25 10:55:00 , 43600put20230601,sell,371,43533.4,4021
2023-05-25 11:00:00 , 43600put20230601,buy,365.25,43492.95,3656
2023-05-25 11:05:00 , 43600put20230601,sell,366.6,43525.1,4022
2023-05-25 11:25:00 , 43600put20230601,buy,384.3,43500.1,3638
2023-05-25 12:05:00 , 43600put20230601,sell,379.25,43523.3,4017
2023-05-25 12:10:00 , 43600put20230601,buy,365.35,43501.2,3652
2023-05-25 12:15:00 , 43600put20230601,sell,365.45,43543.3,4017
2023-05-25 13:05:00 , 43600put20230601,buy,416.55,43494.35,3601
2023-05-25 14:20:00 , 43600put20230601,sell,377.55,43524.5,3978
2023-05-25 14:25:00 , 43600put20230601,buy,338.95,43509.8,3640
2023-05-25 14:30:00 , 43600put20230601,sell,354.25,43571.05,3994
2023-05-25 15:25:00 , 43600call20230601,buy,349.65,43686.95,3645
2023-05-25 15:25:00 , 43600put20230601,buy,264.1,43686.95,3381
2023-05-26 10:15:00 , 43700call20230601,sell,252.55,43697.5,3633
2023-05-26 10:15:00 , 43700put20230601,sell,311.2,43697.5,3944
2023-05-26 12:10:00 , 43700call20230601,buy,330.8,43777.9,3614
2023-05-26 15:25:00 , 43700put20230601,buy,157.8,43991.15,3457
2023-05-29 10:15:00 , 44200call20230601,sell,328.05,44366.1,3785
2023-05-29 10:15:00 , 44200put20230601,sell,175.85,44366.1,3960
2023-05-29 11:25:00 , 44200call20230601,buy,387.65,44464.1,3573
2023-05-29 11:30:00 , 44200call20230601,sell,382.75,44455.35,3955
2023-05-29 15:25:00 , 44200call20230601,buy,285.4,44288.7,3670
2023-05-29 15:25:00 , 44200put20230601,buy,170.95,44288.7,3500
2023-05-30 10:15:00 , 44200call20230601,sell,294.65,44382.45,3794
2023-05-30 10:15:00 , 44200put20230601,sell,127.4,44382.45,3921
2023-05-30 14:50:00 , 44200call20230601,buy,293.5,44430.85,3628
2023-05-30 14:55:00 , 44200call20230601,sell,299.85,44408.7,3927
2023-05-30 15:00:00 , 44200call20230601,buy,299.15,44417.7,3628
2023-05-30 15:10:00 , 44200call20230601,sell,314.1,44407.9,3942
2023-05-30 15:15:00 , 44200call20230601,buy,312.85,44470.3,3630
2023-05-30 15:25:00 , 44200put20230601,buy,84.05,44453.4,3546
2023-05-31 10:15:00 , 44300call20230601,sell,96.9,44136.7,3642
2023-05-31 10:15:00 , 44300put20230601,sell,238.6,44136.7,3880
2023-05-31 11:40:00 , 44300put20230601,buy,295.1,44049.35,3585
2023-05-31 15:15:00 , 44300put20230601,sell,221.2,44095.35,3806
2023-05-31 15:25:00 , 44300call20230601,buy,78.45,44206.7,3728
2023-05-31 15:25:00 , 44300put20230601,buy,200.95,44206.7,3528
2023-06-01 10:15:00 , 44100call20230608,sell,331.2,44091.05,3859
2023-06-01 10:15:00 , 44100put20230608,sell,292.9,44091.05,4151
2023-06-01 14:30:00 , 44100put20230608,buy,322,43933.35,3829
2023-06-01 14:35:00 , 44100put20230608,sell,353.85,43993,4182
2023-06-01 14:40:00 , 44100put20230608,buy,347.9,43941.05,3835
2023-06-01 15:25:00 , 44100call20230608,buy,207.95,43715.2,3628
2023-06-02 10:15:00 , 43900call20230608,sell,290,43851.05,3918
2023-06-02 10:15:00 , 43900put20230608,sell,285.2,43851.05,4203
2023-06-02 10:25:00 , 43900put20230608,buy,298.8,43843.2,3905
2023-06-02 10:35:00 , 43900put20230608,sell,266.6,43850.3,4171
2023-06-02 13:15:00 , 43900call20230608,buy,411.05,44054.35,3760
2023-06-02 13:30:00 , 43900call20230608,sell,430,44028.7,4190
2023-06-02 13:35:00 , 43900call20230608,buy,423.45,44067.85,3767
2023-06-02 14:00:00 , 43900call20230608,sell,394.85,44036.7,4161
2023-06-02 14:05:00 , 43900call20230608,buy,394.4,44047.75,3767
2023-06-02 14:15:00 , 43900call20230608,sell,323.7,43983.95,4090
2023-06-02 15:25:00 , 43900call20230608,buy,304,43878.85,3786
2023-06-02 15:25:00 , 43900put20230608,buy,219,43878.85,3567
2023-06-05 10:15:00 , 44100call20230608,sell,309.7,44203.1,3876
2023-06-05 10:15:00 , 44100put20230608,sell,160.4,44203.1,4036
2023-06-05 11:15:00 , 44100call20230608,buy,319,44247.65,3717
2023-06-05 11:25:00 , 44100call20230608,sell,322.75,44241.9,4039
2023-06-05 11:30:00 , 44100call20230608,buy,321.2,44249.3,3718
2023-06-05 11:40:00 , 44100call20230608,sell,309.25,44229.55,4027
2023-06-05 14:00:00 , 44100call20230608,buy,325.8,44248.05,3702
2023-06-05 14:05:00 , 44100call20230608,sell,303.65,44243.85,4005
2023-06-05 15:15:00 , 44100put20230608,buy,157.7,44098.7,3848
2023-06-05 15:20:00 , 44100put20230608,sell,172.1,44137.15,4020
2023-06-05 15:25:00 , 44100call20230608,buy,252,44095.6,3768
2023-06-05 15:25:00 , 44100put20230608,buy,165.7,44095.6,3603
2023-06-06 10:15:00 , 44100call20230608,sell,192.6,44086.7,3795
2023-06-06 10:15:00 , 44100put20230608,sell,174.25,44086.7,3969
2023-06-06 10:35:00 , 44100put20230608,buy,184.75,44062.55,3785
2023-06-06 10:40:00 , 44100put20230608,sell,188.65,44081.75,3973
2023-06-06 10:55:00 , 44100put20230608,buy,201.15,44047.7,3772
2023-06-06 11:35:00 , 44100put20230608,sell,183.05,44070.2,3955
2023-06-06 11:45:00 , 44100put20230608,buy,184.65,44062.05,3771
2023-06-06 11:50:00 , 44100put20230608,sell,183.25,44065.45,3954
2023-06-06 14:30:00 , 44100put20230608,buy,161.9,44061.5,3793
2023-06-06 14:35:00 , 44100put20230608,sell,166.1,44079.7,3959
2023-06-06 14:45:00 , 44100put20230608,buy,177.35,44056.25,3782
2023-06-06 14:55:00 , 44100put20230608,sell,164.95,44066.9,3946
2023-06-06 15:20:00 , 44100call20230608,buy,227.05,44220.1,3719
2023-06-06 15:25:00 , 44100put20230608,buy,116.55,44209.15,3603
2023-06-07 10:15:00 , 44300call20230608,sell,125.7,44264.4,3728
2023-06-07 10:15:00 , 44300put20230608,sell,145.9,44264.4,3873
2023-06-07 10:50:00 , 44300put20230608,buy,181.25,44190.8,3692
2023-06-07 14:35:00 , 44300put20230608,sell,143.6,44233.5,3835
2023-06-07 14:40:00 , 44300put20230608,buy,141.85,44223,3694
2023-06-07 14:55:00 , 44300put20230608,sell,141.55,44237.95,3835
2023-06-07 15:25:00 , 44300call20230608,buy,113.95,44268.25,3722
2023-06-07 15:25:00 , 44300put20230608,buy,135,44268.25,3587
2023-06-08 10:15:00 , 44200call20230615,sell,426,44387.35,4013
2023-06-08 10:15:00 , 44200put20230615,sell,209.25,44387.35,4222
2023-06-08 10:25:00 , 44200call20230615,buy,435.35,44438.6,3787
2023-06-08 10:30:00 , 44200call20230615,sell,430.75,44415.05,4217
2023-06-08 10:45:00 , 44200call20230615,buy,440.65,44441,3777
2023-06-08 11:00:00 , 44200call20230615,sell,436.45,44434.65,4213
2023-06-08 11:05:00 , 44200call20230615,buy,435.6,44438.45,3778
2023-06-08 11:10:00 , 44200call20230615,sell,439.1,44423.9,4217
2023-06-08 11:40:00 , 44200call20230615,buy,430,44437.95,3787
2023-06-08 11:45:00 , 44200call20230615,sell,400.9,44432.95,4187
2023-06-08 14:15:00 , 44200put20230615,buy,240.7,44202.25,3947
2023-06-08 14:20:00 , 44200put20230615,sell,250.15,44231.25,4197
2023-06-08 14:30:00 , 44200put20230615,buy,240.15,44201.2,3957
2023-06-08 14:35:00 , 44200put20230615,sell,237.25,44212.5,4194
2023-06-08 14:45:00 , 44200put20230615,buy,237.7,44204.5,3957
2023-06-08 14:50:00 , 44200put20230615,sell,279,44228.5,4236
2023-06-08 14:55:00 , 44200put20230615,buy,294.9,44105.8,3942
2023-06-08 15:25:00 , 44200call20230615,buy,232,43941.55,3710
2023-06-09 10:15:00 , 44000call20230615,sell,370.55,44214.6,4080
2023-06-09 10:15:00 , 44000put20230615,sell,181.5,44214.6,4261
2023-06-09 15:25:00 , 44000call20230615,buy,262.05,44001.1,3999
2023-06-09 15:25:00 , 44000put20230615,buy,228.35,44001.1,3771
2023-06-12 10:15:00 , 44000call20230615,sell,226.15,43954.75,3997
2023-06-12 10:15:00 , 44000put20230615,sell,216.2,43954.75,4213
2023-06-12 14:25:00 , 44000put20230615,buy,247.55,43909.95,3966
2023-06-12 14:55:00 , 44000put20230615,sell,212.55,43945.05,4178
2023-06-12 15:25:00 , 44000call20230615,buy,212.45,43932.85,3966
2023-06-12 15:25:00 , 44000put20230615,buy,199.15,43932.85,3767
2023-06-13 10:15:00 , 43800call20230615,sell,387.2,44065,4154
2023-06-13 10:15:00 , 43800put20230615,sell,72.6,44065,4226
2023-06-13 15:25:00 , 43800call20230615,buy,398.8,44121.95,3828
2023-06-13 15:25:00 , 43800put20230615,buy,52,44121.95,3776
2023-06-14 10:15:00 , 44100call20230615,sell,126.6,43989.75,3902
2023-06-14 10:15:00 , 44100put20230615,sell,177.3,43989.75,4079
2023-06-14 15:25:00 , 44100call20230615,buy,114.9,43977.75,3965
2023-06-14 15:25:00 , 44100put20230615,buy,164.1,43977.75,3801
2023-06-15 10:15:00 , 44000call20230622,sell,263.55,43901.25,4064
2023-06-15 10:15:00 , 44000put20230622,sell,300.6,43901.25,4364
2023-06-15 11:30:00 , 44000put20230622,buy,349.75,43825.05,4015
2023-06-15 15:25:00 , 44000call20230622,buy,101.1,43408.95,3914
2023-06-16 10:15:00 , 43500call20230622,sell,416.6,43696.65,4330
2023-06-16 10:15:00 , 43500put20230622,sell,137.35,43696.65,4467
2023-06-16 10:20:00 , 43500call20230622,buy,403.7,43741.9,4064
2023-06-16 10:25:00 , 43500call20230622,sell,406.85,43727.7,4470
2023-06-16 10:30:00 , 43500call20230622,buy,427,43730.7,4043
2023-06-16 11:00:00 , 43500call20230622,sell,420,43727.2,4463
2023-06-16 11:05:00 , 43500call20230622,buy,406.35,43756.6,4057
2023-06-16 11:15:00 , 43500call20230622,sell,412.05,43717.2,4469
2023-06-16 11:20:00 , 43500call20230622,buy,412.85,43742.15,4057
2023-06-16 11:30:00 , 43500call20230622,sell,408.45,43700.1,4465
2023-06-16 11:35:00 , 43500call20230622,buy,415.05,43739.2,4050
2023-06-16 13:45:00 , 43500call20230622,sell,411,43723.75,4461
2023-06-16 13:50:00 , 43500call20230622,buy,403.95,43744.7,4058
2023-06-16 13:55:00 , 43500call20230622,sell,388.7,43721.5,4446
2023-06-16 14:15:00 , 43500call20230622,buy,449.85,43738.1,3997
2023-06-16 15:25:00 , 43500put20230622,buy,85.35,43861.85,3912
2023-06-19 10:15:00 , 44000call20230622,sell,162.55,43885.25,4074
2023-06-19 10:15:00 , 44000put20230622,sell,247,43885.25,4321
2023-06-19 10:25:00 , 44000put20230622,buy,311.3,43784.5,4010
2023-06-19 15:25:00 , 44000call20230622,buy,92.75,43631.75,3918
