date,total_news_articles,sentiment_score
2016-01-03,2.0,0.54785
2016-01-04,5.0,0.22990000000000002
2016-01-05,4.0,-0.3734
2016-01-06,7.0,0.03675714285714287
2016-01-07,9.0,0.09953333333333333
2016-01-08,13.0,0.006015384615384627
2016-01-09,1.0,0.3034
2016-01-11,9.0,0.10803333333333334
2016-01-12,6.0,0.21971666666666664
2016-01-13,2.0,-0.09035000000000001
2016-01-14,10.0,-0.03840999999999998
2016-01-15,5.0,-0.25976
2016-01-17,1.0,-0.5267
2016-01-19,6.0,0.24208333333333334
2016-01-20,5.0,0.07379999999999999
2016-01-21,4.0,0.125725
2016-01-22,6.0,0.006483333333333341
2016-01-25,10.0,0.11929000000000001
2016-01-26,11.0,-0.07259090909090908
2016-01-27,21.0,-0.09231428571428571
2016-01-28,4.0,-0.32944999999999997
2016-01-29,6.0,0.04621666666666667
2016-02-01,5.0,-0.05284
2016-02-02,4.0,0.29495
2016-02-03,1.0,0.5859
2016-02-04,4.0,0.31484999999999996
2016-02-05,2.0,-0.10959999999999999
2016-02-08,9.0,0.36385555555555554
2016-02-09,2.0,-0.41915
2016-02-11,1.0,-0.1154
2016-02-12,4.0,0.131225
2016-02-14,1.0,-0.2732
2016-02-15,1.0,-0.5267
2016-02-16,6.0,-0.0882
2016-02-17,7.0,-0.31968571428571424
2016-02-18,5.0,0.09989999999999999
2016-02-19,1.0,0.5267
2016-02-22,4.0,-0.011899999999999994
2016-02-23,3.0,0.014866666666666667
2016-02-24,5.0,0.10538
2016-02-25,1.0,-0.3818
2016-02-26,3.0,-0.014466666666666683
2016-02-29,3.0,0.16463333333333333
2016-03-02,1.0,-0.4215
2016-03-03,4.0,-0.08935
2016-03-04,5.0,0.34818
2016-03-07,4.0,0.08592500000000002
2016-03-08,3.0,0.10819999999999999
2016-03-09,1.0,0.4404
2016-03-10,3.0,-0.31133333333333335
2016-03-11,2.0,0.43779999999999997
2016-03-12,1.0,-0.5267
2016-03-13,1.0,-0.3612
2016-03-14,1.0,0.4754
2016-03-15,4.0,0.018575
2016-03-16,1.0,0.4256
2016-03-17,2.0,-0.20715
2016-03-18,5.0,0.15811999999999998
2016-03-21,7.0,0.21441428571428572
2016-03-22,13.0,0.058130769230769236
2016-03-23,1.0,-0.1027
2016-03-24,1.0,0.1779
2016-03-28,11.0,0.2010727272727273
2016-03-29,4.0,-0.077475
2016-03-30,1.0,0.2023
2016-03-31,6.0,0.11491666666666667
2016-04-01,1.0,0.5988
2016-04-03,1.0,0.4404
2016-04-04,5.0,-0.03708000000000001
2016-04-05,1.0,0.1779
2016-04-06,8.0,0.111325
2016-04-07,3.0,0.16426666666666667
2016-04-08,2.0,0.13934999999999997
2016-04-10,1.0,-0.0258
2016-04-11,2.0,0.45625000000000004
2016-04-12,2.0,0.5896
2016-04-13,1.0,0.296
2016-04-14,3.0,-0.31096666666666667
2016-04-15,3.0,-0.11953333333333335
2016-04-18,6.0,0.34253333333333336
2016-04-19,7.0,0.20964285714285713
2016-04-20,3.0,0.3765
2016-04-21,2.0,-0.4033
2016-04-22,1.0,0.4927
2016-04-23,1.0,0.0258
2016-04-24,1.0,-0.5423
2016-04-25,6.0,0.07783333333333334
2016-04-26,5.0,-0.24964
2016-04-27,21.0,0.10903809523809523
2016-04-28,3.0,-0.18026666666666663
2016-04-29,1.0,0.5106
2016-05-02,3.0,0.3440333333333333
2016-05-03,6.0,0.04243333333333332
2016-05-04,4.0,-0.1925
2016-05-05,1.0,-0.3182
2016-05-06,5.0,0.04949999999999999
2016-05-09,2.0,-0.057150000000000034
2016-05-10,3.0,0.18333333333333332
2016-05-11,3.0,-0.138
2016-05-12,3.0,0.2425
2016-05-13,5.0,-0.1048
2016-05-16,4.0,0.3798
2016-05-17,5.0,-0.12525999999999998
2016-05-18,7.0,0.20211428571428575
2016-05-19,4.0,0.233575
2016-05-20,2.0,0.2671
2016-05-23,6.0,-0.08076666666666665
2016-05-24,3.0,0.2687333333333334
2016-05-25,3.0,0.02786666666666665
2016-05-26,3.0,-0.14406666666666668
2016-05-27,2.0,-0.29979999999999996
2016-05-31,5.0,-0.20948
2016-06-02,6.0,-0.13781666666666667
2016-06-03,2.0,0.23255
2016-06-06,6.0,0.37396666666666667
2016-06-07,4.0,0.015474999999999989
2016-06-08,3.0,-0.2554333333333334
2016-06-09,11.0,0.3298090909090909
2016-06-10,1.0,0.296
2016-06-12,1.0,0.2023
2016-06-13,3.0,0.00010000000000000286
2016-06-14,9.0,0.0803111111111111
2016-06-15,3.0,0.4877666666666667
2016-06-16,5.0,-0.3035
2016-06-17,3.0,0.1468
2016-06-18,1.0,0.0516
2016-06-20,4.0,0.3526
2016-06-22,2.0,-0.44015
2016-06-23,3.0,-0.11113333333333333
2016-06-24,3.0,0.05916666666666667
2016-06-27,3.0,0.3729
2016-06-28,4.0,-0.138975
2016-06-29,2.0,-0.2154
2016-06-30,5.0,0.12369999999999998
2016-07-01,2.0,-0.04079999999999999
2016-07-05,3.0,-0.012499999999999983
2016-07-06,5.0,0.20212
2016-07-07,3.0,0.5904333333333334
2016-07-08,3.0,-0.07959999999999999
2016-07-11,4.0,0.137075
2016-07-12,3.0,0.09359999999999999
2016-07-13,2.0,-0.034400000000000014
2016-07-14,2.0,0.58565
2016-07-15,3.0,-0.19906666666666667
2016-07-18,3.0,-0.0601
2016-07-19,4.0,-0.01044999999999996
2016-07-20,4.0,0.03754999999999997
2016-07-21,3.0,-0.41500000000000004
2016-07-22,2.0,-0.09664999999999999
2016-07-24,1.0,-0.8271
2016-07-25,4.0,0.221775
2016-07-26,5.0,0.11127999999999999
2016-07-27,18.0,0.18522777777777777
2016-07-28,6.0,-0.00413333333333335
2016-07-29,1.0,0.0772
2016-08-01,2.0,-0.25044999999999995
2016-08-02,4.0,0.210775
2016-08-03,2.0,0.47785
2016-08-04,4.0,0.45625
2016-08-05,2.0,0.57285
2016-08-08,2.0,0.318
2016-08-09,4.0,0.0547
2016-08-10,6.0,0.31576666666666664
2016-08-11,2.0,0.31835
2016-08-12,4.0,0.487875
2016-08-15,1.0,0.3612
2016-08-16,6.0,0.09075
2016-08-17,1.0,0.1779
2016-08-18,1.0,0.6369
2016-08-20,1.0,0.4404
2016-08-22,6.0,0.3214666666666667
2016-08-23,3.0,0.33873333333333333
2016-08-24,3.0,0.5016
2016-08-25,1.0,0.1779
2016-08-26,2.0,0.0706
2016-08-28,1.0,0.6369
2016-08-30,10.0,0.14121
2016-08-31,2.0,0.60625
2016-09-01,3.0,-0.07596666666666667
2016-09-02,2.0,-0.011999999999999997
2016-09-06,2.0,0.35105000000000003
2016-09-07,3.0,0.03656666666666667
2016-09-08,15.0,0.3018
2016-09-09,6.0,0.18771666666666667
2016-09-12,3.0,0.01363333333333333
2016-09-13,8.0,0.0847375
2016-09-14,3.0,0.35673333333333335
2016-09-15,11.0,0.3104272727272727
2016-09-16,4.0,0.368325
2016-09-19,5.0,-0.20096
2016-09-20,2.0,0.39185
2016-09-21,5.0,0.26782
2016-09-22,5.0,0.049139999999999996
2016-09-23,1.0,-0.6249
2016-09-26,5.0,0.1002
2016-09-27,2.0,0.05259999999999998
2016-09-28,4.0,0.389725
2016-09-29,2.0,-0.04175000000000001
2016-09-30,4.0,0.138475
2016-10-02,1.0,0.4404
2016-10-03,5.0,0.08182
2016-10-04,2.0,0.06434999999999999
2016-10-05,2.0,-0.010299999999999976
2016-10-06,9.0,-0.005366666666666672
2016-10-07,3.0,0.016566666666666674
2016-10-09,1.0,0.4404
2016-10-10,4.0,-0.21280000000000002
2016-10-11,7.0,0.26374285714285717
2016-10-12,2.0,0.4696
2016-10-13,2.0,0.3071
2016-10-14,1.0,0.4767
2016-10-17,4.0,0.04412500000000001
2016-10-18,2.0,-0.19754999999999998
2016-10-19,2.0,-0.1645
2016-10-20,3.0,0.15150000000000002
2016-10-21,3.0,0.06736666666666666
2016-10-24,4.0,-0.033725000000000005
2016-10-25,6.0,0.01590000000000001
2016-10-26,18.0,-0.0201888888888889
2016-10-27,6.0,0.10666666666666667
2016-10-28,1.0,0.4404
2016-10-29,1.0,0.1027
2016-10-31,2.0,0.43779999999999997
2016-11-01,2.0,0.2294
2016-11-02,1.0,0.4215
2016-11-03,4.0,-0.1479
2016-11-07,2.0,0.03605
2016-11-08,1.0,0.296
2016-11-09,1.0,-0.296
2016-11-10,1.0,-0.4215
2016-11-11,4.0,0.3651
2016-11-14,3.0,0.21453333333333333
2016-11-15,1.0,0.296
2016-11-16,4.0,0.12575000000000003
2016-11-20,2.0,0.41169999999999995
2016-11-21,5.0,0.45228
2016-11-22,1.0,0.2263
2016-11-23,2.0,0.4111
2016-11-25,2.0,0.46429999999999993
2016-11-28,1.0,0.481
2016-11-29,2.0,0.3409
2016-11-30,1.0,0.5719
2016-12-01,2.0,0.58565
2016-12-04,1.0,0.2023
2016-12-05,4.0,0.437025
2016-12-06,4.0,0.417275
2016-12-07,2.0,0.1839
2016-12-09,4.0,0.26997499999999997
2016-12-13,2.0,0.3389
2016-12-14,2.0,0.56305
2016-12-15,2.0,0.39495
2016-12-16,4.0,0.43275
2016-12-19,1.0,0.7506
2016-12-20,2.0,0.31720000000000004
2016-12-21,2.0,-0.23954999999999999
2016-12-22,3.0,0.21913333333333335
2016-12-27,3.0,0.3978666666666667
2016-12-28,2.0,-0.04400000000000001
2016-12-29,2.0,0.46640000000000004
2016-12-30,1.0,-0.2732
2016-12-31,1.0,0.296
2017-01-02,1.0,-0.8555
2017-01-04,3.0,-0.16046666666666665
2017-01-06,3.0,0.0593
2017-01-08,1.0,-0.5267
2017-01-09,3.0,0.262
2017-01-11,3.0,0.07453333333333333
2017-01-12,5.0,0.17534
2017-01-13,5.0,0.09237999999999999
2017-01-17,3.0,0.29336666666666666
2017-01-18,1.0,0.5563
2017-01-19,2.0,0.2231
2017-01-20,6.0,0.07381666666666664
2017-01-23,10.0,-0.19534
2017-01-24,6.0,0.04731666666666667
2017-01-25,8.0,0.2075125
2017-01-26,7.0,0.15
2017-01-27,2.0,0.36329999999999996
2017-01-30,2.0,0.27155
2017-01-31,7.0,-0.1815857142857143
2017-02-01,11.0,0.20416363636363638
2017-02-02,7.0,0.3025428571428571
2017-02-03,4.0,-0.241325
2017-02-06,3.0,0.3730333333333334
2017-02-07,2.0,0.02260000000000001
2017-02-08,3.0,0.041999999999999996
2017-02-09,2.0,0.29569999999999996
2017-02-10,4.0,-0.017525
2017-02-13,4.0,0.410275
2017-02-14,2.0,0.48335
2017-02-15,2.0,0.21395
2017-02-16,3.0,0.08050000000000002
2017-02-17,1.0,0.5574
2017-02-20,1.0,0.2023
2017-02-21,5.0,0.13654
2017-02-22,2.0,0.49905
2017-02-23,1.0,0.296
2017-02-24,2.0,0.3286
2017-02-25,1.0,0.25
2017-02-27,3.0,0.1554666666666667
2017-03-01,4.0,0.442175
2017-03-02,2.0,0.37739999999999996
2017-03-03,3.0,0.28473333333333334
2017-03-04,1.0,0.4215
2017-03-05,1.0,0.128
2017-03-06,5.0,0.30172
2017-03-07,4.0,0.11639999999999999
2017-03-08,3.0,0.2118
2017-03-09,4.0,0.14147500000000002
2017-03-10,4.0,0.06985
2017-03-11,2.0,0.0751
2017-03-12,1.0,0.34
2017-03-13,4.0,0.5340750000000001
2017-03-14,1.0,0.34
2017-03-15,1.0,0.5574
2017-03-16,2.0,0.5181
2017-03-17,1.0,-0.1027
2017-03-19,1.0,0.7506
2017-03-20,4.0,0.16862500000000002
2017-03-22,1.0,0.2716
2017-03-23,2.0,0.55835
2017-03-24,4.0,0.12375
2017-03-25,1.0,0.5256
2017-03-26,2.0,-0.01454999999999998
2017-03-27,2.0,0.3803
2017-03-28,4.0,0.40590000000000004
2017-03-29,4.0,0.3395
2017-03-30,1.0,-0.4019
2017-03-31,1.0,-0.3252
2017-04-02,1.0,0.2023
2017-04-03,2.0,0.4484
2017-04-04,5.0,0.3175
2017-04-05,2.0,0.31720000000000004
2017-04-07,2.0,0.212
2017-04-08,1.0,-0.34
2017-04-10,2.0,0.2841
2017-04-12,1.0,0.4404
2017-04-13,2.0,0.6411500000000001
2017-04-17,1.0,0.3612
2017-04-18,3.0,0.4934666666666666
2017-04-19,1.0,-0.0258
2017-04-20,3.0,-0.423
2017-04-21,3.0,0.07503333333333334
2017-04-23,1.0,0.1779
2017-04-24,3.0,-0.1943666666666667
2017-04-25,1.0,0.5267
2017-04-26,2.0,0.13795
2017-04-27,2.0,0.04400000000000001
2017-04-28,2.0,0.044550000000000034
2017-04-29,1.0,0.4404
2017-04-30,1.0,0.296
2017-05-01,5.0,0.12465999999999999
2017-05-02,3.0,-0.20689999999999997
2017-05-03,5.0,0.39288
2017-05-04,4.0,0.025400000000000006
2017-05-05,5.0,-0.14174
2017-05-06,2.0,0.46645000000000003
2017-05-08,1.0,0.3182
2017-05-09,1.0,0.5106
2017-05-11,1.0,0.4019
2017-05-12,1.0,0.5106
2017-05-13,1.0,0.3054
2017-05-16,4.0,-0.00037500000000000033
2017-05-17,2.0,-0.16445
2017-05-18,1.0,0.2732
2017-05-20,1.0,0.3182
2017-05-22,4.0,0.465825
2017-05-23,5.0,0.012220000000000023
2017-05-24,2.0,0.18635000000000002
2017-05-25,1.0,0.2023
2017-05-26,1.0,0.6369
2017-05-28,1.0,0.5267
2017-05-31,1.0,0.7717
2017-06-01,2.0,0.43784999999999996
2017-06-02,3.0,0.3609
2017-06-03,1.0,0.5267
2017-06-04,1.0,0.2235
2017-06-05,3.0,0.052099999999999994
2017-06-06,7.0,-0.2465
2017-06-07,7.0,0.07001428571428571
2017-06-08,2.0,0.32594999999999996
2017-06-09,4.0,0.170325
2017-06-11,1.0,0.4019
2017-06-12,12.0,0.07810833333333336
2017-06-13,4.0,-0.12419999999999999
2017-06-14,2.0,0.4215
2017-06-15,4.0,0.03972500000000001
2017-06-16,4.0,-0.016375
2017-06-17,1.0,0.4588
2017-06-19,4.0,0.45042499999999996
2017-06-20,2.0,0.6824
2017-06-21,3.0,0.2552
2017-06-22,3.0,0.019466666666666674
2017-06-23,4.0,-0.009374999999999994
2017-06-26,4.0,0.19352499999999995
2017-06-27,1.0,0.3612
2017-06-28,2.0,0.63395
2017-06-29,2.0,0.42255
2017-06-30,2.0,0.4404
2017-07-03,1.0,-0.6249
2017-07-05,1.0,0.0129
2017-07-06,2.0,-0.09484999999999999
2017-07-08,4.0,0.278
2017-07-09,1.0,0.8176
2017-07-10,1.0,-0.3134
2017-07-11,2.0,0.10194999999999999
2017-07-12,2.0,0.44620000000000004
2017-07-13,2.0,0.34750000000000003
2017-07-15,1.0,0.3412
2017-07-16,1.0,0.5267
2017-07-17,5.0,0.25076
2017-07-19,1.0,-0.296
2017-07-20,3.0,0.057666666666666644
2017-07-21,3.0,0.0827
2017-07-23,1.0,0.4215
2017-07-24,5.0,0.13384
2017-07-25,5.0,0.55254
2017-07-27,3.0,0.41696666666666665
2017-07-29,1.0,-0.5994
2017-07-31,3.0,-0.20873333333333333
2017-08-01,5.0,-4.000000000001225e-05
2017-08-02,11.0,0.32025454545454546
2017-08-03,2.0,0.04915
2017-08-04,1.0,0.6597
2017-08-08,3.0,0.2281
2017-08-09,2.0,0.49815
2017-08-10,1.0,-0.4588
2017-08-11,1.0,0.3182
2017-08-14,1.0,-0.5851
2017-08-15,1.0,0.4404
2017-08-16,1.0,0.0258
2017-08-17,1.0,-0.7269
2017-08-19,3.0,0.4081666666666667
2017-08-21,2.0,0.27225
2017-08-23,2.0,0.36985
2017-08-24,2.0,-0.0839
2017-08-26,1.0,0.5859
2017-08-27,3.0,-0.4149666666666666
2017-08-28,1.0,0.6369
2017-08-29,2.0,0.58445
2017-08-30,2.0,0.11865
2017-08-31,6.0,0.4272
2017-09-01,2.0,-0.023749999999999993
2017-09-04,1.0,0.4588
2017-09-05,3.0,0.031833333333333325
2017-09-06,3.0,0.10606666666666666
2017-09-07,3.0,0.45613333333333334
2017-09-08,3.0,0.12929999999999997
2017-09-11,4.0,0.04037499999999998
2017-09-12,5.0,0.25317999999999996
2017-09-13,7.0,0.33681428571428573
2017-09-14,4.0,0.46142500000000003
2017-09-15,2.0,0.031799999999999995
2017-09-19,3.0,0.3658666666666667
2017-09-20,4.0,0.105775
2017-09-21,1.0,0.3182
2017-09-22,4.0,0.060899999999999996
2017-09-24,1.0,0.1779
2017-09-25,4.0,0.147725
2017-09-26,3.0,-0.1321
2017-09-27,3.0,0.32403333333333334
2017-09-28,3.0,0.4675333333333333
2017-09-29,2.0,0.20835
2017-10-02,2.0,-0.09149999999999997
2017-10-03,3.0,0.12726666666666667
2017-10-04,2.0,0.08254999999999998
2017-10-05,1.0,0.4404
2017-10-09,2.0,0.50995
2017-10-10,2.0,-0.34895
2017-10-11,2.0,0.036650000000000016
2017-10-16,4.0,0.19355
2017-10-17,1.0,-0.4215
2017-10-18,2.0,0.0
2017-10-19,3.0,-0.21933333333333332
2017-10-22,1.0,0.2003
2017-10-23,4.0,0.1537
2017-10-24,2.0,0.27044999999999997
2017-10-25,5.0,0.20934
2017-10-26,1.0,0.34
2017-10-27,1.0,0.296
2017-10-30,1.0,0.5106
2017-10-31,5.0,-0.14138
2017-11-01,4.0,0.161775
2017-11-02,5.0,0.26172
2017-11-03,7.0,0.2663285714285714
2017-11-06,4.0,-0.002925000000000011
2017-11-07,4.0,0.083675
2017-11-08,2.0,0.33935
2017-11-11,1.0,0.2263
2017-11-13,2.0,0.4111
2017-11-15,1.0,0.0258
2017-11-17,1.0,-0.4019
2017-11-20,1.0,0.7184
2017-11-21,1.0,0.0772
2017-11-22,3.0,0.14630000000000004
2017-11-28,1.0,0.3597
2017-11-29,1.0,-0.6249
2017-11-30,3.0,0.09866666666666667
2017-12-03,1.0,0.3506
2017-12-04,2.0,0.16770000000000002
2017-12-05,2.0,0.38075000000000003
2017-12-06,1.0,0.7783
2017-12-07,1.0,-0.5574
2017-12-08,3.0,0.1560333333333333
2017-12-10,1.0,0.1779
2017-12-11,3.0,0.20579999999999998
2017-12-13,3.0,0.05053333333333332
2017-12-14,1.0,0.0516
2017-12-15,1.0,0.1139
2017-12-18,2.0,-0.010050000000000003
2017-12-19,2.0,-0.06885000000000001
2017-12-20,1.0,-0.1027
2017-12-21,2.0,-0.04684999999999999
2017-12-22,1.0,0.3182
2017-12-23,1.0,0.2023
2017-12-26,2.0,-0.296
2017-12-27,1.0,-0.5719
2017-12-28,1.0,-0.3182
2017-12-29,2.0,-0.12219999999999999
2018-01-02,3.0,0.33903333333333335
2018-01-03,1.0,0.6908
2018-01-05,3.0,-0.08966666666666667
2018-01-08,1.0,-0.2263
2018-01-09,1.0,0.6124
2018-01-12,2.0,0.53505
2018-01-15,1.0,0.5106
2018-01-16,3.0,-0.14943333333333336
2018-01-17,4.0,0.20024999999999998
2018-01-18,2.0,0.04400000000000001
2018-01-19,1.0,0.3818
2018-01-22,3.0,0.29296666666666665
2018-01-23,3.0,-0.14150000000000001
2018-01-24,1.0,-0.4215
2018-01-25,1.0,0.3182
2018-01-26,1.0,-0.34
2018-01-28,1.0,0.1779
2018-01-29,3.0,-0.09096666666666664
2018-01-30,2.0,-0.17510000000000003
2018-01-31,2.0,0.2023
2018-02-01,3.0,-0.013066666666666671
2018-02-02,9.0,0.14602222222222222
2018-02-05,1.0,0.6705
2018-02-06,1.0,0.4019
2018-02-07,1.0,0.2023
2018-02-10,2.0,0.22615000000000002
2018-02-12,1.0,0.25
2018-02-14,2.0,0.10420000000000001
2018-02-15,2.0,0.67025
2018-02-21,1.0,0.0498
2018-02-22,1.0,0.2023
2018-02-24,1.0,0.0258
2018-02-25,2.0,0.19130000000000003
2018-02-27,1.0,0.3182
2018-03-05,1.0,-0.2732
2018-03-07,1.0,-0.4019
2018-03-10,1.0,-0.2263
2018-03-12,3.0,0.32643333333333335
2018-03-14,2.0,-0.08935000000000001
2018-03-15,2.0,-0.011399999999999993
2018-03-19,1.0,-0.296
2018-03-20,1.0,0.5994
2018-03-21,3.0,0.02586666666666665
2018-03-22,2.0,0.042899999999999994
2018-03-23,2.0,-0.10959999999999999
2018-03-26,3.0,0.40803333333333336
2018-03-28,4.0,0.02800000000000001
2018-03-30,1.0,0.624
2018-04-02,1.0,-0.0772
2018-04-03,2.0,-0.1548
2018-04-05,1.0,-0.4019
2018-04-06,1.0,0.296
2018-04-12,1.0,0.8126
2018-04-16,1.0,0.3818
2018-04-18,1.0,-0.2732
2018-04-19,3.0,0.05010000000000003
2018-04-20,3.0,0.2421
2018-04-23,2.0,0.481
2018-04-26,2.0,-0.3638
2018-04-27,1.0,0.3818
2018-04-30,3.0,0.1381
2018-05-01,1.0,0.0258
2018-05-02,9.0,0.19525555555555554
2018-05-03,1.0,-0.4019
2018-05-04,1.0,0.7414
2018-05-07,1.0,0.6808
2018-05-09,1.0,0.3612
2018-05-10,1.0,0.3818
2018-05-11,2.0,0.2143
2018-05-15,2.0,0.47229999999999994
2018-05-16,3.0,0.3337
2018-05-17,2.0,0.37739999999999996
2018-05-18,2.0,0.031799999999999995
2018-05-25,1.0,-0.1027
2018-05-28,1.0,-0.296
2018-05-29,1.0,-0.3612
2018-05-30,2.0,-0.06945
2018-05-31,1.0,0.5267
2018-06-01,1.0,0.5267
2018-06-04,2.0,0.01865
2018-06-05,2.0,0.4847
2018-06-07,2.0,-0.3149
2018-06-08,2.0,-0.24159999999999998
2018-06-11,3.0,-0.20236666666666664
2018-06-14,1.0,0.3182
2018-06-15,1.0,-0.4215
2018-06-19,1.0,0.659
2018-06-20,1.0,-0.5499
2018-06-21,1.0,0.2716
2018-07-06,2.0,-0.26025
2018-07-10,1.0,0.5719
2018-07-13,1.0,0.8294
2018-07-16,1.0,0.4939
2018-07-17,1.0,0.891
2018-07-19,1.0,0.7096
2018-07-20,1.0,0.5574
2018-07-23,1.0,0.1154
2018-07-24,2.0,0.06040000000000001
2018-07-25,2.0,-0.17439999999999997
2018-07-26,2.0,-0.26965
2018-07-27,2.0,0.45315
2018-07-31,3.0,-0.10946666666666667
2018-08-01,10.0,0.23929
2018-08-02,1.0,0.6705
2018-08-03,3.0,0.4175
2018-08-06,1.0,0.1531
2018-08-07,1.0,-0.3182
2018-08-08,2.0,0.45355
2018-08-13,2.0,0.1884
2018-08-21,1.0,-0.4023
2018-08-22,2.0,0.11960000000000001
2018-08-27,1.0,-0.1531
2018-08-28,1.0,-0.0516
2018-08-30,1.0,0.296
2018-09-04,1.0,0.1779
2018-09-05,1.0,0.5423
2018-09-07,1.0,0.0772
2018-09-10,2.0,0.05295
2018-09-11,2.0,0.058400000000000035
2018-09-12,1.0,0.4019
2018-09-13,2.0,0.16390000000000002
2018-09-14,2.0,0.2452
2018-09-17,1.0,0.0772
2018-09-18,2.0,-0.02100000000000002
2018-09-19,1.0,0.7745
2018-09-21,2.0,0.10405
2018-09-22,1.0,0.1779
2018-09-24,3.0,0.20903333333333332
2018-09-25,1.0,0.3818
2018-09-26,2.0,0.29969999999999997
2018-09-27,3.0,0.4137
2018-09-28,1.0,0.0772
2018-10-01,1.0,0.6801
2018-10-02,1.0,0.3818
2018-10-03,1.0,0.7269
2018-10-04,1.0,0.1779
2018-10-09,1.0,0.3818
2018-10-10,1.0,0.3818
2018-10-11,2.0,0.4316
2018-10-12,1.0,0.4215
2018-10-13,1.0,0.25
2018-10-16,3.0,0.5302333333333333
2018-10-18,2.0,0.3022
2018-10-19,2.0,0.49645
2018-10-22,1.0,0.2724
2018-10-23,1.0,-0.3182
2018-10-24,1.0,-0.4215
2018-10-25,1.0,0.0516
2018-10-26,2.0,0.13895
2018-10-29,5.0,0.036520000000000004
2018-10-30,1.0,-0.1779
2018-10-31,4.0,0.453575
2018-11-01,3.0,0.3641
2018-11-02,5.0,-0.02456000000000002
2018-11-05,4.0,-0.023625000000000007
2018-11-06,3.0,0.1557
2018-11-07,2.0,-0.3286
2018-11-09,1.0,-0.4215
2018-11-12,2.0,-0.15710000000000002
2018-11-14,2.0,0.37985
2018-11-15,1.0,-0.4404
2018-11-17,1.0,0.2023
2018-11-19,1.0,-0.296
2018-11-20,2.0,0.46645000000000003
2018-11-21,3.0,0.39790000000000003
2018-11-27,1.0,-0.2023
2018-11-28,3.0,0.21316666666666667
2018-11-29,3.0,-0.11826666666666667
2018-11-30,2.0,-0.010050000000000003
2018-12-03,1.0,-0.25
2018-12-04,2.0,-0.15415
2018-12-05,2.0,0.09844999999999998
2018-12-06,3.0,-0.4766666666666667
2018-12-07,2.0,0.24914999999999998
2018-12-10,3.0,0.18223333333333333
2018-12-11,1.0,-0.25
2018-12-14,2.0,0.14089999999999997
2018-12-17,1.0,0.5574
2018-12-19,1.0,0.2755
2018-12-23,1.0,-0.6249
2018-12-24,2.0,0.012650000000000002
2018-12-26,1.0,0.5267
2018-12-28,2.0,0.36619999999999997
2018-12-30,1.0,0.1779
2018-12-31,1.0,-0.7506
2019-01-02,3.0,-0.2521333333333333
2019-01-03,11.0,-0.05177272727272727
2019-01-04,3.0,0.034999999999999996
2019-01-06,1.0,0.1779
2019-01-08,4.0,0.34005
2019-01-09,4.0,0.13265
2019-01-10,3.0,-0.02573333333333333
2019-01-13,1.0,0.1779
2019-01-15,2.0,-0.28175
2019-01-16,2.0,-0.22115
2019-01-17,2.0,0.54635
2019-01-18,2.0,-0.02345
2019-01-23,1.0,-0.2732
2019-01-24,1.0,-0.5709
2019-01-25,3.0,0.40536666666666665
2019-01-28,2.0,0.09545000000000003
2019-01-29,2.0,-0.06324999999999999
2019-01-30,2.0,0.02034999999999998
2019-02-02,1.0,-0.1027
2019-02-04,1.0,0.4404
2019-02-05,2.0,0.47550000000000003
2019-02-06,2.0,0.58715
2019-02-07,2.0,-0.3342
2019-02-08,1.0,0.296
2019-02-12,1.0,-0.4588
2019-02-14,1.0,-0.2263
2019-02-19,1.0,-0.6124
2019-02-21,1.0,-0.4019
2019-02-26,2.0,0.07144999999999999
2019-02-28,2.0,-0.4588
2019-03-04,1.0,0.1779
2019-03-05,1.0,-0.296
2019-03-06,1.0,-0.2263
2019-03-08,1.0,0.6369
2019-03-11,4.0,0.06367500000000001
2019-03-13,2.0,0.21669999999999998
2019-03-14,7.0,0.17055714285714288
2019-03-15,2.0,0.5328999999999999
2019-03-20,3.0,0.15823333333333334
2019-03-21,2.0,0.27115
2019-03-22,2.0,-0.02930000000000002
2019-03-24,1.0,0.3612
2019-03-25,1.0,0.4404
2019-03-26,3.0,0.22383333333333333
2019-03-27,2.0,0.04684999999999999
2019-03-29,1.0,0.128
2019-04-01,4.0,0.27107499999999995
2019-04-02,2.0,0.07379999999999998
2019-04-05,1.0,0.3182
2019-04-08,1.0,0.2732
2019-04-09,3.0,0.3809666666666667
2019-04-10,3.0,0.16359999999999997
2019-04-11,1.0,0.2023
2019-04-12,1.0,0.3818
2019-04-16,1.0,-0.4019
2019-04-17,3.0,0.14236666666666664
2019-04-22,2.0,0.58775
2019-04-23,3.0,0.2508333333333333
2019-04-24,3.0,0.28049999999999997
2019-04-25,1.0,0.4215
2019-04-26,2.0,-0.18500000000000003
2019-04-30,2.0,0.2221
2019-05-01,8.0,0.398725
2019-05-02,5.0,0.3754
2019-05-03,1.0,-0.7845
2019-05-07,1.0,-0.5994
2019-05-08,1.0,0.1531
2019-05-09,3.0,0.5290666666666667
2019-05-13,3.0,-0.02906666666666667
2019-05-14,3.0,0.41173333333333334
2019-05-15,2.0,-0.61035
2019-05-16,2.0,0.49705
2019-05-19,1.0,-0.5994
2019-05-21,1.0,0.4404
2019-05-22,1.0,0.25
2019-05-23,2.0,-0.28075
2019-05-24,2.0,0.10175000000000001
2019-05-26,1.0,-0.4019
2019-05-27,1.0,-0.7506
2019-05-28,1.0,-0.296
2019-05-29,2.0,0.12925
2019-05-30,1.0,-0.5994
2019-06-03,4.0,0.17754999999999999
2019-06-04,2.0,0.53015
2019-06-06,4.0,0.14049999999999999
2019-06-07,2.0,0.33995
2019-06-08,2.0,0.38230000000000003
2019-06-10,1.0,0.0516
2019-06-11,3.0,0.1807666666666667
2019-06-13,1.0,-0.1531
2019-06-14,1.0,0.5267
2019-06-15,1.0,-0.6908
2019-06-17,1.0,0.5719
2019-06-18,2.0,-0.0382
2019-06-19,1.0,0.6369
2019-06-20,3.0,0.26213333333333333
2019-06-21,1.0,-0.0258
2019-06-24,1.0,-0.3182
2019-06-26,1.0,0.8402
2019-06-27,1.0,0.4019
2019-06-28,1.0,0.2023
2019-07-01,2.0,0.7032499999999999
2019-07-03,2.0,0.7373000000000001
2019-07-05,1.0,-0.4829
2019-07-08,2.0,-0.04684999999999999
2019-07-09,1.0,0.5719
2019-07-10,2.0,0.07715
2019-07-11,1.0,0.7096
2019-07-16,3.0,-0.18393333333333334
2019-07-17,1.0,-0.6597
2019-07-18,2.0,0.26025
2019-07-19,1.0,-0.2944
2019-07-23,2.0,0.6379
2019-07-24,2.0,-0.08305000000000001
2019-07-25,2.0,0.36985
2019-07-26,3.0,0.24029999999999996
2019-07-29,2.0,-0.2263
2019-07-30,1.0,0.5994
2019-07-31,4.0,0.563575
2019-08-01,1.0,0.7845
2019-08-02,4.0,0.12314999999999998
2019-08-05,2.0,-0.53805
2019-08-08,1.0,0.2023
2019-08-09,1.0,0.34
2019-08-13,3.0,-0.1464
2019-08-21,1.0,0.631
2019-08-22,2.0,0.0
2019-08-23,3.0,-0.37943333333333334
2019-08-24,1.0,0.5859
2019-08-26,2.0,0.52235
2019-08-27,2.0,-0.061350000000000016
2019-08-28,1.0,-0.5574
2019-08-29,2.0,-0.07455
2019-09-03,1.0,-0.3612
2019-09-04,1.0,-0.7003
2019-09-05,2.0,0.43745
2019-09-09,1.0,-0.5267
2019-09-11,3.0,-0.003700000000000009
2019-09-12,1.0,0.5859
2019-09-13,1.0,-0.4019
2019-09-20,1.0,-0.5574
2019-09-23,1.0,0.4404
2019-09-24,1.0,0.4019
2019-09-26,3.0,-0.17940000000000003
2019-09-30,1.0,0.5574
2019-10-01,1.0,0.7964
2019-10-03,3.0,0.18259999999999998
2019-10-04,2.0,-0.0254
2019-10-05,1.0,0.296
2019-10-06,2.0,0.3359
2019-10-08,1.0,-0.5267
2019-10-09,1.0,0.5106
2019-10-10,1.0,0.2023
2019-10-13,1.0,-0.5106
2019-10-14,1.0,0.2006
2019-10-15,1.0,0.5106
2019-10-16,1.0,0.2023
2019-10-18,2.0,0.20564999999999997
2019-10-22,2.0,0.5742
2019-10-23,1.0,0.1531
2019-10-24,1.0,0.7096
2019-10-28,3.0,0.18800000000000003
2019-10-29,1.0,0.4939
2019-10-30,1.0,0.296
2019-10-31,3.0,0.13536666666666666
2019-11-01,2.0,0.13975
2019-11-05,1.0,0.0258
2019-11-06,1.0,0.5423
2019-11-07,4.0,0.474925
2019-11-11,1.0,0.6369
2019-11-12,1.0,-0.1154
2019-11-13,3.0,0.03296666666666667
2019-11-14,2.0,0.3871
2019-11-15,1.0,0.34
2019-11-18,2.0,-0.46045
2019-11-19,2.0,0.18750000000000003
2019-11-20,1.0,-0.4939
2019-11-22,1.0,0.296
2019-11-25,2.0,0.54135
2019-11-26,3.0,0.04266666666666666
2019-11-27,2.0,0.5751
2019-11-28,1.0,-0.4728
2019-12-02,1.0,0.2878
2019-12-03,3.0,0.09993333333333335
2019-12-08,1.0,0.3818
2019-12-09,4.0,-0.162675
2019-12-10,2.0,-0.5306
2019-12-11,1.0,0.296
2019-12-12,1.0,0.4588
2019-12-13,3.0,-0.11443333333333333
2019-12-17,2.0,-0.05794999999999999
2019-12-18,2.0,0.04500000000000001
2019-12-19,3.0,0.3859666666666667
2019-12-20,2.0,0.3021
2019-12-24,1.0,0.3612
2019-12-26,1.0,0.4215
2019-12-28,1.0,0.1779
2019-12-30,2.0,0.37649999999999995
2019-12-31,3.0,0.06713333333333331
2020-01-02,4.0,0.27715
2020-01-03,3.0,-0.059800000000000006
2020-01-06,5.0,-0.02279999999999998
2020-01-09,6.0,0.38643333333333335
2020-01-10,1.0,0.2732
2020-01-13,1.0,0.4215
2020-01-14,3.0,0.4522333333333333
2020-01-15,4.0,0.05602499999999999
2020-01-16,4.0,0.2349
2020-01-17,1.0,0.0258
2020-01-19,1.0,-0.1027
2020-01-21,1.0,0.4939
2020-01-23,1.0,-0.128
2020-01-24,1.0,0.2023
2020-01-25,1.0,0.6249
2020-01-27,1.0,0.6808
2020-01-28,2.0,0.45130000000000003
2020-01-29,5.0,-0.017040000000000013
2020-01-30,3.0,-0.12919999999999998
2020-02-03,3.0,-0.1124
2020-02-04,2.0,-0.07014999999999999
2020-02-05,1.0,0.2263
2020-02-06,2.0,-0.13394999999999999
2020-02-10,3.0,0.19793333333333335
2020-02-11,1.0,0.128
2020-02-12,4.0,0.09532500000000002
2020-02-13,1.0,0.2023
2020-02-18,12.0,-0.18468333333333334
2020-02-19,1.0,-0.2263
2020-02-20,2.0,-0.19935
2020-02-21,5.0,-0.018439999999999998
2020-02-24,2.0,0.37985
2020-02-25,4.0,-0.210775
2020-02-26,1.0,-0.5994
2020-02-27,2.0,0.2064
2020-02-28,2.0,0.09809999999999999
2020-03-02,3.0,0.19416666666666665
2020-03-03,2.0,-0.3601
2020-03-05,2.0,0.21384999999999998
2020-03-06,2.0,0.67885
2020-03-07,1.0,0.25
2020-03-09,2.0,-0.015900000000000025
2020-03-10,2.0,-0.1816
2020-03-11,3.0,-0.2003333333333333
2020-03-12,3.0,0.06136666666666667
2020-03-13,4.0,0.037175
2020-03-16,2.0,0.010599999999999998
2020-03-17,3.0,0.34906666666666664
2020-03-19,1.0,0.5106
2020-03-23,2.0,-0.178
2020-03-24,2.0,-0.35564999999999997
2020-03-25,3.0,0.06386666666666665
2020-03-26,2.0,0.36819999999999997
2020-03-27,4.0,0.14205
2020-03-29,1.0,0.34
2020-03-31,1.0,-0.3818
2020-04-02,2.0,0.35229999999999995
2020-04-03,1.0,0.743
2020-04-04,1.0,0.4404
2020-04-07,1.0,-0.128
2020-04-08,1.0,0.0772
2020-04-09,2.0,0.22555
2020-04-13,2.0,-0.20845
2020-04-15,3.0,0.16000000000000003
2020-04-16,1.0,0.4767
2020-04-17,2.0,-0.035449999999999995
2020-04-18,2.0,0.04930000000000001
2020-04-20,1.0,0.4754
2020-04-21,1.0,0.296
2020-04-22,2.0,-0.0741
2020-04-23,1.0,-0.2023
2020-04-24,1.0,-0.8519
2020-04-25,1.0,0.1779
2020-04-27,3.0,0.3712666666666667
2020-04-29,1.0,0.4215
2020-04-30,1.0,0.2023
2020-05-01,4.0,0.11427500000000004
2020-05-02,1.0,0.4404
2020-05-04,1.0,0.296
2020-05-05,3.0,0.20256666666666667
2020-05-08,1.0,0.1027
2020-05-11,1.0,-0.4939
2020-05-12,1.0,0.3818
2020-05-13,2.0,0.37245
2020-05-15,3.0,-0.18616666666666667
2020-05-18,1.0,0.2263
2020-05-19,2.0,0.2102
2020-05-20,1.0,0.4215
2020-05-21,2.0,-0.31279999999999997
2020-05-26,1.0,0.6124
2020-05-27,4.0,0.4232
2020-05-28,2.0,-0.3071
2020-06-01,5.0,-0.36744
2020-06-02,5.0,-0.42523999999999995
2020-06-03,1.0,0.1531
2020-06-04,2.0,0.318
2020-06-05,3.0,0.1689
2020-06-08,1.0,0.3818
2020-06-09,1.0,0.4404
2020-06-10,2.0,0.21669999999999998
2020-06-11,5.0,0.1395
2020-06-12,1.0,0.5574
2020-06-13,1.0,0.1779
2020-06-15,2.0,0.0
2020-06-16,1.0,0.4939
2020-06-17,4.0,0.07922499999999999
2020-06-19,1.0,-0.4588
2020-06-23,3.0,0.12046666666666665
2020-06-24,3.0,0.2575333333333333
2020-06-29,1.0,0.4404
2020-06-30,3.0,0.3091666666666667
2020-07-01,3.0,0.191
2020-07-02,4.0,-0.2575
2020-07-08,1.0,0.3818
2020-07-10,1.0,0.4588
2020-07-12,1.0,0.7096
2020-07-13,1.0,0.4215
2020-07-14,1.0,-0.296
2020-07-15,1.0,-0.3612
2020-07-16,2.0,0.38849999999999996
2020-07-17,2.0,-0.11865
2020-07-21,1.0,0.4215
2020-07-22,1.0,0.34
2020-07-23,2.0,-0.49815
2020-07-24,3.0,0.026300000000000018
2020-07-27,1.0,0.1779
2020-07-28,3.0,-0.15776666666666667
2020-07-29,4.0,0.31370000000000003
2020-07-30,7.0,0.11774285714285715
2020-07-31,4.0,0.276775
2020-08-03,4.0,-0.208925
2020-08-04,3.0,-0.2895666666666667
2020-08-05,2.0,0.08360000000000001
2020-08-07,1.0,-0.6486
2020-08-10,2.0,0.30405
2020-08-11,1.0,0.5529
2020-08-12,1.0,0.3182
2020-08-13,3.0,0.3716
2020-08-14,1.0,-0.2516
2020-08-16,1.0,-0.0772
2020-08-17,3.0,0.13396666666666665
2020-08-18,4.0,-0.47982500000000006
2020-08-19,1.0,0.5719
2020-08-20,2.0,-0.011999999999999997
2020-08-21,3.0,0.4619333333333333
2020-08-24,3.0,-0.2453666666666667
2020-08-25,2.0,-0.42865
2020-08-26,1.0,-0.0258
2020-08-27,1.0,-0.6705
2020-08-30,1.0,0.2023
2020-08-31,3.0,-0.1583
2020-09-01,2.0,0.13645
2020-09-02,1.0,-0.1531
2020-09-03,1.0,-0.6369
2020-09-04,9.0,0.07546666666666665
2020-09-08,2.0,0.40080000000000005
2020-09-10,1.0,-0.1027
2020-09-12,1.0,0.1779
2020-09-14,3.0,-0.2499
2020-09-15,2.0,0.24975
2020-09-16,4.0,0.44975
2020-09-17,2.0,0.33755
2020-09-18,2.0,-0.5568
2020-09-22,1.0,0.4215
2020-09-23,4.0,0.324325
2020-09-24,2.0,-0.24225
2020-09-25,2.0,-0.5386500000000001
2020-09-28,3.0,0.21606666666666666
2020-09-29,2.0,0.13365
2020-09-30,2.0,-0.11195000000000005
2020-10-02,3.0,0.31376666666666664
2020-10-06,3.0,0.22843333333333335
2020-10-08,3.0,0.12726666666666667
2020-10-09,2.0,0.014249999999999985
2020-10-12,2.0,-0.028450000000000003
2020-10-13,4.0,0.12214999999999998
2020-10-14,2.0,0.1651
2020-10-15,1.0,0.4019
2020-10-20,1.0,0.7579
2020-10-21,5.0,0.21303999999999998
2020-10-25,1.0,0.2263
2020-10-26,3.0,0.11059999999999998
2020-10-28,1.0,0.3818
2020-10-29,4.0,0.32225
2020-10-30,6.0,0.28795
2020-11-02,3.0,-0.06743333333333333
2020-11-03,2.0,0.14959999999999998
2020-11-05,5.0,0.3429
2020-11-09,2.0,-0.17439999999999997
2020-11-10,1.0,0.2263
2020-11-11,2.0,0.1704
2020-11-12,1.0,0.2023
2020-11-16,2.0,-0.10164999999999999
2020-11-17,1.0,-0.6249
2020-11-18,3.0,-0.19343333333333332
2020-11-19,5.0,0.27906000000000003
2020-11-20,3.0,0.39313333333333333
2020-11-21,1.0,-0.4588
2020-11-23,2.0,0.39185
2020-11-24,1.0,-0.2732
2020-11-25,2.0,-0.21075000000000002
2020-11-28,2.0,0.09165000000000001
2020-11-30,2.0,0.44155
2020-12-01,2.0,0.28054999999999997
2020-12-02,2.0,0.6184000000000001
2020-12-03,5.0,0.39946
2020-12-05,1.0,0.1779
2020-12-06,2.0,0.2811
2020-12-08,1.0,0.5423
2020-12-09,6.0,0.05556666666666667
2020-12-10,2.0,-0.52565
2020-12-11,2.0,-0.60215
2020-12-13,2.0,0.09620000000000004
2020-12-14,2.0,-0.4484
2020-12-15,5.0,-0.09068000000000004
2020-12-16,3.0,0.09890000000000002
2020-12-17,1.0,0.2263
2020-12-18,1.0,-0.1027
2020-12-19,1.0,-0.5267
2020-12-21,4.0,-0.151625
2020-12-22,5.0,0.09980000000000001
2020-12-23,6.0,0.3509333333333333
2020-12-24,2.0,-0.06365000000000001
2020-12-26,1.0,0.4939
2020-12-27,1.0,0.3612
2020-12-28,3.0,-0.07450000000000001
2020-12-29,2.0,0.1446
2020-12-30,2.0,0.012200000000000003
2020-12-31,2.0,-0.44789999999999996
2021-01-03,1.0,0.5423
2021-01-04,2.0,0.24225
2021-01-05,2.0,0.35645000000000004
2021-01-06,2.0,0.5081
2021-01-07,4.0,-0.07085000000000002
2021-01-08,2.0,0.15984999999999996
2021-01-09,2.0,-0.2897
2021-01-10,1.0,-0.1027
2021-01-11,3.0,-0.2436666666666667
2021-01-12,3.0,0.42233333333333334
2021-01-13,2.0,0.296
2021-01-14,3.0,-0.019699999999999995
2021-01-15,2.0,0.0
2021-01-19,4.0,-0.164025
2021-01-20,3.0,-0.07340000000000002
2021-01-22,2.0,-0.0726
2021-01-24,2.0,0.0618
2021-01-25,1.0,-0.4767
2021-01-26,2.0,0.5418499999999999
2021-01-27,3.0,0.09799999999999998
2021-01-28,5.0,0.13776000000000002
2021-01-29,2.0,0.13975
2021-01-31,1.0,-0.1779
2021-02-01,2.0,0.19879999999999998
2021-02-02,1.0,-0.5994
2021-02-03,3.0,0.05043333333333333
2021-02-04,1.0,0.2263
2021-02-06,2.0,-0.3397
2021-02-08,3.0,-0.29403333333333337
2021-02-09,1.0,0.4215
2021-02-10,1.0,0.25
2021-02-11,4.0,0.1507
2021-02-12,1.0,0.5859
2021-02-14,2.0,-0.07470000000000002
2021-02-15,1.0,0.2732
2021-02-16,2.0,0.1094
2021-02-17,3.0,-0.03643333333333336
2021-02-18,1.0,0.3182
2021-02-19,3.0,-0.3492
2021-02-21,1.0,-0.4939
2021-02-22,5.0,-0.04076000000000002
2021-02-24,2.0,0.010599999999999998
2021-02-26,2.0,-0.13629999999999998
2021-02-27,1.0,0.296
2021-03-01,2.0,0.06275
2021-03-02,1.0,0.34
2021-03-03,4.0,0.0899
2021-03-04,1.0,0.2732
2021-03-05,1.0,0.5719
2021-03-08,2.0,0.38634999999999997
2021-03-09,3.0,0.04753333333333333
2021-03-10,4.0,0.04675
2021-03-11,5.0,0.03344
2021-03-12,5.0,0.20226
2021-03-15,1.0,0.3182
2021-03-16,2.0,0.011399999999999993
2021-03-17,3.0,-0.050333333333333355
2021-03-18,3.0,-0.1348666666666667
2021-03-19,5.0,-0.38146
2021-03-20,1.0,-0.5423
2021-03-23,2.0,-0.0242
2021-03-24,3.0,-0.025933333333333364
2021-03-25,2.0,-0.10869999999999999
2021-03-26,1.0,0.0772
2021-03-29,4.0,-0.072975
2021-03-30,5.0,-0.38406
2021-03-31,4.0,-0.09335
2021-04-01,4.0,-0.062675
2021-04-05,2.0,0.06434999999999999
2021-04-06,6.0,0.25955
2021-04-07,1.0,-0.296
2021-04-08,2.0,0.06574999999999998
2021-04-09,5.0,0.04632
2021-04-12,4.0,-0.25070000000000003
2021-04-13,2.0,-0.1307
2021-04-14,5.0,0.2857
2021-04-15,3.0,-0.2516333333333333
2021-04-16,2.0,0.1901
2021-04-19,2.0,0.39744999999999997
2021-04-20,2.0,-0.1351
2021-04-21,9.0,-0.02368888888888889
2021-04-22,5.0,0.30876000000000003
2021-04-23,6.0,0.043983333333333326
2021-04-26,7.0,0.005771428571428573
2021-04-27,2.0,0.2419
2021-04-28,10.0,0.18505000000000002
2021-04-29,6.0,0.16578333333333334
2021-04-30,5.0,-0.13724
2021-05-01,1.0,0.4588
2021-05-02,1.0,-0.3182
2021-05-03,5.0,0.18325999999999998
2021-05-04,4.0,0.06695000000000001
2021-05-05,2.0,-0.21254999999999996
2021-05-06,4.0,-0.29445
2021-05-07,1.0,-0.2023
2021-05-08,1.0,0.1779
2021-05-10,2.0,-0.19699999999999998
2021-05-11,3.0,0.13396666666666665
2021-05-12,2.0,0.35960000000000003
2021-05-13,1.0,0.3818
2021-05-14,1.0,-0.8271
2021-05-17,4.0,-0.015399999999999983
2021-05-18,6.0,0.28245000000000003
2021-05-19,2.0,0.05295
2021-05-20,2.0,0.1974
2021-05-21,4.0,-0.41374999999999995
2021-05-22,1.0,0.296
2021-05-23,2.0,-0.3871
2021-05-24,3.0,0.16316666666666668
2021-05-26,1.0,0.4019
2021-05-27,5.0,-0.08607999999999999
2021-05-28,3.0,0.020666666666666673
2021-05-30,1.0,0.4215
2021-06-01,5.0,0.053139999999999986
2021-06-02,6.0,0.25743333333333335
2021-06-03,1.0,-0.4404
2021-06-04,3.0,0.23059999999999997
2021-06-05,1.0,0.2716
2021-06-07,6.0,0.008450000000000013
2021-06-08,2.0,0.1779
2021-06-09,4.0,0.275725
2021-06-10,4.0,0.022324999999999998
2021-06-11,1.0,0.25
2021-06-12,2.0,0.15295
2021-06-13,1.0,0.347
2021-06-14,6.0,-0.08411666666666667
2021-06-15,2.0,-0.1372
2021-06-16,3.0,-0.24053333333333338
2021-06-17,5.0,0.28665999999999997
2021-06-18,1.0,0.4019
2021-06-20,1.0,0.3612
2021-06-21,1.0,0.128
2021-06-22,2.0,0.2841
2021-06-23,5.0,0.3851
2021-06-24,2.0,0.43095
2021-06-25,2.0,-0.4363
2021-06-28,4.0,0.21715
2021-06-29,3.0,0.3791
2021-06-30,2.0,-0.008599999999999997
2021-07-01,1.0,-0.3182
2021-07-02,3.0,0.4500333333333333
2021-07-06,4.0,0.29095
2021-07-07,5.0,0.21084000000000003
2021-07-08,5.0,0.1896
2021-07-09,4.0,0.3149
2021-07-12,6.0,0.011833333333333362
2021-07-13,6.0,0.3368833333333333
2021-07-14,7.0,0.23542857142857143
2021-07-15,11.0,0.37171818181818184
2021-07-16,4.0,0.050475000000000006
2021-07-17,1.0,0.25
2021-07-19,6.0,0.20616666666666666
2021-07-20,4.0,-0.038724999999999996
2021-07-21,6.0,0.36219999999999997
2021-07-22,8.0,0.27515
2021-07-23,6.0,0.38293333333333335
2021-07-25,2.0,0.32730000000000004
2021-07-26,8.0,0.3344625
2021-07-27,4.0,0.44105
2021-07-28,7.0,0.08962857142857142
2021-07-29,4.0,0.146775
2021-07-30,5.0,-0.31186
2021-08-01,1.0,0.1779
2021-08-02,6.0,0.33915
2021-08-03,4.0,0.14632499999999998
2021-08-04,3.0,0.27436666666666665
2021-08-05,3.0,0.20316666666666666
2021-08-06,6.0,-0.04236666666666668
2021-08-09,5.0,-0.22618
2021-08-10,4.0,-0.04854999999999998
2021-08-11,8.0,0.21105000000000002
2021-08-12,3.0,-0.07803333333333336
2021-08-13,5.0,0.19634000000000001
2021-08-14,2.0,-0.18795
2021-08-16,4.0,0.49495
2021-08-17,9.0,-0.20975555555555556
2021-08-18,4.0,0.11410000000000001
2021-08-19,8.0,0.10278749999999999
2021-08-20,3.0,-0.33666666666666667
2021-08-23,1.0,0.6597
2021-08-24,13.0,-0.05993076923076924
2021-08-25,6.0,0.42983333333333335
2021-08-26,7.0,-0.08251428571428569
2021-08-27,3.0,0.21123333333333336
2021-08-28,3.0,0.43533333333333335
2021-08-30,8.0,0.116375
2021-08-31,6.0,0.014933333333333326
2021-09-01,4.0,0.135825
2021-09-02,6.0,0.02981666666666666
2021-09-03,1.0,0.3612
2021-09-04,2.0,-0.40985000000000005
2021-09-06,1.0,0.4939
2021-09-07,7.0,0.1686857142857143
2021-09-08,5.0,0.13712
2021-09-09,4.0,-0.008599999999999997
2021-09-10,6.0,-0.13306666666666667
2021-09-11,1.0,-0.34
2021-09-13,7.0,-0.1052142857142857
2021-09-14,10.0,0.24281000000000003
2021-09-15,7.0,0.08447142857142856
2021-09-16,6.0,0.22988333333333333
2021-09-17,6.0,-0.027066666666666662
2021-09-18,1.0,-0.3612
2021-09-19,2.0,-0.27225
2021-09-20,9.0,0.11154444444444445
2021-09-21,10.0,0.13209
2021-09-22,4.0,-0.10340000000000002
2021-09-23,8.0,-0.015199999999999984
2021-09-24,5.0,-0.22274
2021-09-25,3.0,0.3887333333333333
2021-09-27,7.0,-0.21927142857142856
2021-09-28,7.0,0.015285714285714291
2021-09-29,1.0,0.3612
2021-09-30,2.0,-0.5191
2021-10-01,4.0,0.3456
2021-10-04,3.0,0.15183333333333335
2021-10-05,5.0,0.25884
2021-10-06,7.0,0.27767142857142857
2021-10-07,6.0,-0.05583333333333333
2021-10-08,5.0,0.20798
2021-10-10,2.0,0.024599999999999997
2021-10-11,4.0,0.16967500000000002
2021-10-12,3.0,0.3608
2021-10-13,9.0,0.06457777777777778
2021-10-14,4.0,0.37505
2021-10-15,2.0,-0.12685
2021-10-16,3.0,0.5055333333333334
2021-10-17,1.0,0.1779
2021-10-18,4.0,0.09357499999999999
2021-10-19,6.0,0.1582
2021-10-20,2.0,0.3818
2021-10-21,6.0,0.3230666666666667
2021-10-22,9.0,0.10772222222222222
2021-10-23,2.0,-0.15415
2021-10-25,5.0,0.0067000000000000046
2021-10-26,4.0,-0.087
2021-10-27,4.0,0.14815
2021-10-28,10.0,0.21633
2021-10-29,8.0,0.247425
2021-10-30,1.0,0.5267
2021-10-31,1.0,0.5106
2021-11-01,7.0,0.11572857142857144
2021-11-02,2.0,0.14215000000000003
2021-11-03,2.0,-0.14920000000000003
2021-11-05,1.0,0.3612
2021-11-06,1.0,0.5106
2021-11-07,1.0,-0.5809
2021-11-08,3.0,0.18863333333333332
2021-11-09,5.0,0.25142
2021-11-10,5.0,0.20484
2021-11-11,2.0,0.07605
2021-11-12,4.0,-0.05477500000000002
2021-11-13,2.0,-0.19935
2021-11-14,1.0,-0.4404
2021-11-15,6.0,0.3265166666666667
2021-11-16,3.0,0.38849999999999996
2021-11-17,2.0,0.19929999999999998
2021-11-18,3.0,0.16463333333333333
2021-11-19,4.0,0.272675
2021-11-20,2.0,0.1848
2021-11-22,4.0,0.145175
2021-11-23,6.0,0.44756666666666667
2021-11-24,1.0,0.25
2021-11-25,1.0,0.2023
2021-11-27,1.0,0.5106
2021-11-29,6.0,0.16238333333333332
2021-11-30,3.0,0.3017666666666666
2021-12-01,3.0,0.13610000000000003
2021-12-02,5.0,0.13272
2021-12-03,2.0,0.10185
2021-12-06,4.0,0.33515
2021-12-07,5.0,0.4512
2021-12-08,5.0,-0.09545999999999999
2021-12-09,8.0,0.24205
2021-12-10,3.0,-0.02739999999999998
2021-12-11,2.0,-0.29569999999999996
2021-12-12,1.0,-0.0772
2021-12-13,5.0,0.26404
2021-12-14,8.0,0.0011124999999999972
2021-12-15,1.0,-0.3182
2021-12-16,6.0,0.13636666666666666
2021-12-17,4.0,0.17955000000000002
2021-12-20,2.0,-0.2068
2021-12-21,4.0,0.08992499999999998
2021-12-22,1.0,0.2732
2021-12-23,1.0,0.7501
2021-12-27,5.0,0.33936
2021-12-28,3.0,-0.2997666666666666
2021-12-29,3.0,0.057733333333333345
2021-12-30,2.0,0.58605
2021-12-31,2.0,0.3941
2022-01-01,2.0,0.2916
2022-01-03,5.0,0.22578000000000004
2022-01-04,6.0,0.33381666666666665
2022-01-05,4.0,0.219325
2022-01-06,3.0,-0.16663333333333336
2022-01-07,3.0,0.4209666666666667
2022-01-08,1.0,0.2023
2022-01-09,1.0,-0.1779
2022-01-10,4.0,0.3016
2022-01-11,4.0,0.292725
2022-01-12,3.0,0.14323333333333338
2022-01-13,6.0,0.3698666666666667
2022-01-14,2.0,0.10424999999999998
2022-01-15,2.0,-0.3291
2022-01-17,3.0,-0.1451
2022-01-18,4.0,0.348925
2022-01-19,2.0,-0.013599999999999973
2022-01-20,1.0,0.4404
2022-01-21,5.0,0.08062
2022-01-22,2.0,0.4429
2022-01-23,2.0,0.08785000000000001
2022-01-24,5.0,0.21168
2022-01-25,3.0,0.16323333333333329
2022-01-26,7.0,0.30700000000000005
2022-01-27,5.0,0.18300000000000002
2022-01-28,10.0,0.33434
2022-01-29,3.0,-0.24933333333333335
2022-01-30,2.0,-0.14675
2022-01-31,4.0,0.507925
2022-02-01,6.0,0.07083333333333333
2022-02-02,4.0,0.264425
2022-02-03,8.0,-0.09564999999999999
2022-02-04,4.0,0.12014999999999998
2022-02-05,1.0,0.4939
2022-02-06,3.0,0.2990666666666667
2022-02-07,4.0,-0.019849999999999993
2022-02-08,3.0,0.2205666666666667
2022-02-09,8.0,0.0481625
2022-02-11,6.0,0.22208333333333333
2022-02-12,2.0,0.049800000000000004
2022-02-13,1.0,0.2732
2022-02-14,2.0,0.15170000000000003
2022-02-15,5.0,0.43335999999999997
2022-02-16,3.0,-0.06546666666666667
2022-02-17,3.0,0.28756666666666664
2022-02-18,3.0,0.14996666666666664
2022-02-21,2.0,0.5994
2022-02-22,7.0,0.05522857142857143
2022-02-23,3.0,0.09879999999999997
2022-02-24,2.0,0.3141
2022-02-25,2.0,-0.50615
2022-02-26,2.0,-0.011999999999999997
2022-02-27,3.0,0.2371333333333333
2022-02-28,6.0,-0.1404166666666667
2022-03-01,2.0,-0.11520000000000002
2022-03-02,5.0,0.03373999999999999
2022-03-03,3.0,-0.4266
2022-03-05,1.0,0.3034
2022-03-07,4.0,-0.32155
2022-03-08,9.0,0.3231111111111111
2022-03-09,6.0,-0.054900000000000004
2022-03-10,9.0,0.26101111111111114
2022-03-11,4.0,0.16215
2022-03-12,1.0,0.1779
2022-03-13,2.0,0.061000000000000006
2022-03-14,11.0,-0.05852727272727273
2022-03-15,4.0,-0.051375000000000004
2022-03-16,3.0,-0.028900000000000092
2022-03-17,2.0,0.63135
2022-03-18,5.0,0.27544
2022-03-19,1.0,0.2732
2022-03-21,10.0,-0.011139999999999994
2022-03-22,3.0,0.15146666666666664
2022-03-23,2.0,0.50215
2022-03-24,4.0,0.5061
2022-03-25,6.0,-0.07241666666666666
2022-03-26,2.0,-0.01815
2022-03-27,5.0,0.16286000000000003
2022-03-28,11.0,0.03260909090909091
2022-03-29,8.0,0.143575
2022-03-30,5.0,0.28371999999999997
2022-03-31,6.0,-0.10521666666666665
2022-04-01,8.0,0.3126625
2022-04-02,2.0,0.37985
2022-04-03,5.0,0.08854000000000002
2022-04-04,6.0,-0.19353333333333333
2022-04-05,5.0,-0.11005999999999999
2022-04-06,2.0,0.45204999999999995
2022-04-07,3.0,-0.07053333333333334
2022-04-08,7.0,0.11634285714285714
2022-04-09,2.0,0.5287999999999999
2022-04-10,1.0,-0.34
2022-04-11,2.0,0.0786
2022-04-12,10.0,-0.006259999999999998
2022-04-13,2.0,-0.03689999999999999
2022-04-14,6.0,-0.07391666666666669
2022-04-15,2.0,-0.2778
2022-04-16,1.0,-0.34
2022-04-17,2.0,0.2036
2022-04-18,5.0,-0.019060000000000007
2022-04-19,6.0,-0.042899999999999994
2022-04-20,9.0,0.1753888888888889
2022-04-21,4.0,0.0036750000000000393
2022-04-22,2.0,0.28459999999999996
2022-04-23,2.0,-0.10869999999999999
2022-04-24,2.0,-0.08974999999999998
2022-04-25,6.0,-0.14491666666666664
2022-04-26,3.0,0.07226666666666665
2022-04-27,4.0,-0.15000000000000002
2022-04-28,6.0,0.08558333333333334
2022-04-29,7.0,0.1283857142857143
2022-04-30,2.0,0.11624999999999999
2022-05-01,1.0,0.296
2022-05-02,2.0,-0.25229999999999997
2022-05-03,5.0,0.13040000000000002
2022-05-04,7.0,0.11044285714285713
2022-05-05,9.0,-0.16005555555555556
2022-05-06,8.0,0.003462499999999997
2022-05-07,2.0,-0.23409999999999997
2022-05-08,2.0,0.16390000000000002
2022-05-09,10.0,0.10336000000000001
2022-05-10,3.0,0.5913666666666666
2022-05-11,4.0,0.17520000000000002
2022-05-12,9.0,0.2946333333333333
2022-05-13,3.0,0.054966666666666636
2022-05-14,4.0,0.2776
2022-05-15,1.0,0.5574
2022-05-16,4.0,-0.17429999999999998
2022-05-17,11.0,0.12069090909090908
2022-05-18,5.0,0.16236
2022-05-19,6.0,0.29933333333333334
2022-05-20,2.0,0.17770000000000002
2022-05-21,1.0,-0.296
2022-05-22,3.0,0.0489
2022-05-23,8.0,0.010425000000000004
2022-05-24,9.0,-0.08523333333333333
2022-05-25,8.0,0.1326875
2022-05-26,3.0,-0.08333333333333333
2022-05-27,2.0,-0.1279
2022-05-28,2.0,0.3994
2022-05-30,1.0,-0.2411
2022-05-31,7.0,-0.3167857142857143
2022-06-01,4.0,0.11120000000000001
2022-06-02,4.0,0.17475000000000002
2022-06-03,7.0,-0.022185714285714295
2022-06-05,2.0,0.08710000000000001
2022-06-06,8.0,0.031462500000000004
2022-06-07,5.0,0.022320000000000003
2022-06-08,9.0,0.14553333333333332
2022-06-09,4.0,0.20325
2022-06-10,7.0,0.11885714285714283
2022-06-11,1.0,-0.3182
2022-06-12,3.0,0.23746666666666666
2022-06-13,6.0,0.06811666666666669
2022-06-14,5.0,0.25117999999999996
2022-06-15,4.0,0.225725
2022-06-16,4.0,-0.097325
2022-06-17,4.0,0.34540000000000004
2022-06-20,1.0,0.2732
2022-06-21,6.0,0.11556666666666668
2022-06-22,3.0,0.02886666666666668
2022-06-23,3.0,0.34376666666666666
2022-06-24,5.0,-0.16004000000000002
2022-06-25,1.0,-0.296
2022-06-26,1.0,-0.5267
2022-06-27,5.0,0.32732
2022-06-28,4.0,0.207125
2022-06-29,6.0,-0.06263333333333332
2022-06-30,7.0,0.027557142857142856
2022-07-01,9.0,-0.14015555555555556
2022-07-02,2.0,-0.23825
2022-07-03,1.0,-0.5106
2022-07-05,3.0,0.021433333333333332
2022-07-06,3.0,-0.17396666666666666
2022-07-07,2.0,0.41695000000000004
2022-07-08,3.0,0.34273333333333333
2022-07-10,1.0,0.3612
2022-07-11,5.0,0.12276000000000001
2022-07-12,2.0,0.3021
2022-07-13,2.0,0.23565
2022-07-14,6.0,0.31343333333333334
2022-07-15,3.0,0.1658
2022-07-16,2.0,-0.22685
2022-07-17,1.0,-0.2263
2022-07-18,7.0,0.1011857142857143
2022-07-19,4.0,0.10815000000000002
2022-07-20,7.0,-0.03624285714285713
2022-07-21,7.0,0.25120000000000003
2022-07-22,8.0,-0.06803749999999999
2022-07-23,2.0,-0.18184999999999998
2022-07-24,1.0,0.0772
2022-07-25,8.0,-0.2010125
2022-07-26,6.0,-0.0038000000000000256
2022-07-27,10.0,0.08485000000000002
2022-07-28,8.0,0.0439125
2022-07-29,14.0,0.04530714285714285
2022-07-30,1.0,-0.2263
2022-07-31,2.0,-0.0242
2022-08-01,5.0,-0.10554
2022-08-02,5.0,-0.08054
2022-08-03,6.0,0.2707333333333333
2022-08-04,6.0,0.19468333333333332
2022-08-05,3.0,0.027533333333333326
2022-08-06,3.0,-0.02776666666666667
2022-08-07,1.0,-0.3182
2022-08-08,4.0,-0.017424999999999996
2022-08-09,3.0,0.3659
2022-08-10,4.0,0.049850000000000005
2022-08-11,6.0,0.19519999999999998
2022-08-12,7.0,0.31275714285714284
2022-08-13,1.0,-0.168
2022-08-14,1.0,0.5267
2022-08-15,4.0,0.19715
2022-08-16,4.0,0.20104999999999998
2022-08-17,11.0,0.23021818181818182
2022-08-18,4.0,-0.027149999999999994
2022-08-19,9.0,0.08864444444444444
2022-08-20,3.0,-0.03443333333333336
2022-08-21,1.0,0.3612
2022-08-22,8.0,0.1995375
2022-08-23,8.0,-0.008762499999999986
2022-08-24,4.0,0.26975
2022-08-25,1.0,-0.3612
2022-08-26,2.0,0.4144
2022-08-27,4.0,-0.058300000000000005
2022-08-28,2.0,0.40164999999999995
2022-08-29,11.0,-0.11217272727272729
2022-08-30,11.0,-0.32627272727272727
2022-08-31,4.0,-0.518675
2022-09-01,5.0,-0.028000000000000025
2022-09-02,1.0,-0.8442
2022-09-03,3.0,0.32706666666666667
2022-09-04,2.0,-0.234
2022-09-06,11.0,-0.09115454545454546
2022-09-07,7.0,-0.6144428571428571
2022-09-08,10.0,0.04231000000000003
2022-09-09,11.0,0.14185454545454546
2022-09-10,5.0,0.30834000000000006
2022-09-11,1.0,0.1263
2022-09-12,6.0,0.2582
2022-09-13,8.0,0.324625
2022-09-14,13.0,-0.2092
2022-09-15,7.0,0.1792142857142857
2022-09-16,8.0,0.2883625
2022-09-17,1.0,0.5859
2022-09-19,10.0,-0.07998
2022-09-20,6.0,-0.12406666666666667
2022-09-21,6.0,0.23728333333333335
2022-09-22,8.0,0.1213875
2022-09-23,7.0,0.21141428571428572
2022-09-24,1.0,0.1779
2022-09-25,1.0,0.2023
2022-09-26,8.0,-0.02232499999999999
2022-09-27,8.0,0.1305625
2022-09-28,11.0,-0.13805454545454546
2022-09-29,9.0,0.1153111111111111
2022-09-30,8.0,0.006637499999999984
2022-10-01,2.0,0.015699999999999992
2022-10-02,1.0,-0.024
2022-10-03,6.0,-0.11086666666666666
2022-10-04,11.0,0.39692727272727274
2022-10-05,7.0,0.40534285714285717
2022-10-06,5.0,-0.005279999999999986
2022-10-07,6.0,0.3325
2022-10-08,2.0,-0.16695
2022-10-09,1.0,0.4019
2022-10-10,9.0,-0.32684444444444444
2022-10-11,8.0,-0.13802499999999998
2022-10-12,8.0,0.1431
2022-10-13,11.0,0.17782727272727275
2022-10-14,10.0,0.44086000000000003
2022-10-15,2.0,0.5360499999999999
2022-10-17,8.0,0.015050000000000001
2022-10-18,6.0,0.41059999999999997
2022-10-19,7.0,-0.15128571428571427
2022-10-20,5.0,0.08950000000000002
2022-10-21,9.0,-0.04187777777777779
2022-10-22,2.0,-0.3477
2022-10-23,2.0,0.4484
2022-10-24,5.0,-0.010120000000000004
2022-10-25,5.0,0.39054
2022-10-26,8.0,0.06072500000000001
2022-10-27,11.0,-0.1266181818181818
2022-10-28,15.0,0.05727333333333333
2022-10-29,2.0,0.49135
2022-10-30,4.0,0.366275
2022-10-31,12.0,0.055633333333333326
2022-11-01,4.0,0.469225
2022-11-02,8.0,0.1787125
2022-11-03,9.0,0.20722222222222222
2022-11-04,7.0,-0.24687142857142857
2022-11-05,1.0,0.25
2022-11-07,10.0,0.06173000000000001
2022-11-08,6.0,0.13915
2022-11-09,10.0,0.11462999999999998
2022-11-10,13.0,0.05983076923076923
2022-11-11,6.0,0.11865
2022-11-12,3.0,0.03326666666666667
2022-11-13,2.0,0.21384999999999998
2022-11-14,6.0,0.040016666666666645
2022-11-15,4.0,0.25634999999999997
2022-11-16,4.0,-0.31984999999999997
2022-11-17,4.0,0.12330000000000002
2022-11-18,4.0,-0.284575
2022-11-21,9.0,-0.05156666666666668
2022-11-22,6.0,0.17245000000000002
2022-11-23,10.0,0.08927
2022-11-24,3.0,-0.08346666666666666
2022-11-25,7.0,-0.12122857142857144
2022-11-26,1.0,0.3612
2022-11-27,2.0,0.0
2022-11-28,18.0,-0.11265555555555556
2022-11-29,7.0,-0.1386142857142857
2022-11-30,13.0,0.036046153846153846
2022-12-01,7.0,-0.12344285714285716
2022-12-02,8.0,-0.0965875
2022-12-03,1.0,0.6597
2022-12-04,1.0,0.1779
2022-12-05,9.0,-0.0812
2022-12-06,5.0,-0.044700000000000004
2022-12-07,11.0,-0.0377
2022-12-08,4.0,0.3747
2022-12-09,4.0,-0.05212499999999999
2022-12-10,2.0,-0.11335
2022-12-11,1.0,-0.6249
2022-12-12,7.0,0.2256142857142857
2022-12-13,2.0,0.3601
2022-12-14,5.0,0.29738
2022-12-15,8.0,0.14350000000000002
2022-12-16,3.0,-0.12516666666666665
2022-12-17,3.0,0.02386666666666666
2022-12-19,9.0,0.16331111111111113
2022-12-20,6.0,0.06355
2022-12-21,6.0,-0.01915000000000002
2022-12-22,7.0,0.17562857142857144
2022-12-23,3.0,0.28153333333333336
2022-12-24,2.0,-0.0036499999999999866
2022-12-25,1.0,-0.1027
2022-12-26,2.0,0.35229999999999995
2022-12-27,6.0,-0.0068999999999999895
2022-12-28,7.0,0.3082714285714286
2022-12-29,7.0,-0.10725714285714286
2022-12-30,3.0,-0.15016666666666667
2022-12-31,1.0,0.34
2023-01-03,6.0,0.13298333333333334
2023-01-04,6.0,-0.17076666666666668
2023-01-05,9.0,0.09570000000000001
2023-01-06,2.0,0.36819999999999997
2023-01-07,2.0,0.18380000000000002
2023-01-08,1.0,0.5267
2023-01-09,9.0,0.09755555555555553
2023-01-10,7.0,0.11475714285714286
2023-01-11,5.0,-0.03042000000000001
2023-01-12,5.0,-0.08052000000000001
2023-01-13,4.0,0.106975
2023-01-17,5.0,0.24028
2023-01-18,5.0,0.45064
2023-01-19,2.0,0.67815
2023-01-20,3.0,0.2523666666666667
2023-01-21,1.0,-0.5574
2023-01-22,1.0,0.908
2023-01-23,5.0,0.026379999999999987
2023-01-24,6.0,0.18616666666666667
2023-01-25,5.0,0.26278
2023-01-26,4.0,0.09542499999999998
2023-01-27,7.0,0.3786714285714286
2023-01-29,1.0,-0.5574
2023-01-30,11.0,-0.10490909090909091
2023-01-31,5.0,-0.21262
2023-02-01,7.0,0.09054285714285715
2023-02-02,10.0,0.16752
2023-02-03,10.0,0.29407
2023-02-04,2.0,0.39495
2023-02-05,1.0,0.4648
2023-02-06,9.0,-0.09884444444444443
2023-02-07,7.0,0.21337142857142857
2023-02-08,2.0,0.1026
2023-02-09,3.0,0.10266666666666664
2023-02-10,4.0,0.400925
2023-02-11,1.0,-0.4404
2023-02-12,2.0,0.37625000000000003
2023-02-13,9.0,0.10581111111111112
2023-02-14,8.0,-0.19266250000000001
2023-02-15,3.0,0.41286666666666666
2023-02-16,4.0,-0.004674999999999999
2023-02-17,3.0,-0.3777666666666667
2023-02-18,1.0,0.128
2023-02-19,1.0,0.6369
2023-02-20,3.0,0.09936666666666666
2023-02-21,5.0,0.036060000000000016
2023-02-22,6.0,-0.12275
2023-02-23,7.0,0.2481857142857143
2023-02-24,5.0,0.33078
2023-02-25,2.0,0.20804999999999998
2023-02-27,7.0,0.009014285714285725
2023-02-28,5.0,-0.24954
2023-03-01,3.0,0.0872
2023-03-02,6.0,0.044000000000000004
2023-03-03,4.0,0.059274999999999994
2023-03-04,4.0,0.4074
2023-03-06,10.0,0.14412999999999998
2023-03-07,8.0,0.20896250000000002
2023-03-08,4.0,0.055575
2023-03-09,8.0,0.07904999999999998
2023-03-10,5.0,-0.0658
2023-03-13,7.0,-0.11298571428571427
2023-03-14,3.0,-0.09866666666666665
2023-03-15,7.0,-0.022171428571428557
2023-03-16,9.0,0.15146666666666667
2023-03-17,1.0,-0.4767
2023-03-18,2.0,0.41245
2023-03-19,2.0,-0.4033
2023-03-20,3.0,-0.2344
2023-03-21,3.0,0.06323333333333331
2023-03-22,3.0,-0.10746666666666664
2023-03-23,8.0,-0.036012499999999996
2023-03-24,4.0,0.18365
2023-03-25,2.0,0.037099999999999966
2023-03-26,1.0,0.5574
2023-03-27,5.0,0.06675999999999999
2023-03-28,8.0,-0.050237499999999984
2023-03-29,9.0,0.08571111111111114
2023-03-30,6.0,0.15753333333333333
2023-03-31,3.0,0.09549999999999999
2023-04-01,1.0,0.5632
2023-04-02,1.0,0.2263
2023-04-03,5.0,0.027420000000000028
2023-04-04,3.0,0.11136666666666668
2023-04-05,7.0,0.27148571428571433
2023-04-06,7.0,0.1804142857142857
2023-04-07,2.0,-0.02200000000000002
2023-04-08,2.0,0.36819999999999997
2023-04-09,1.0,-0.296
2023-04-10,7.0,-0.021057142857142865
2023-04-11,7.0,0.31458571428571425
2023-04-12,5.0,0.30754
2023-04-13,7.0,0.12285714285714286
2023-04-14,4.0,0.56785
2023-04-15,2.0,0.13380000000000003
2023-04-16,1.0,-0.0679
2023-04-17,10.0,-0.04702000000000001
2023-04-18,7.0,0.24104285714285717
2023-04-19,9.0,0.23672222222222222
2023-04-20,4.0,0.277825
2023-04-21,3.0,0.3179
2023-04-22,1.0,0.8553
2023-04-23,1.0,-0.3612
2023-04-24,4.0,0.6340749999999999
2023-04-25,6.0,-0.003516666666666682
2023-04-26,4.0,0.351675
2023-04-27,3.0,0.29506666666666664
2023-04-28,3.0,0.18480000000000002
2023-04-29,2.0,0.2053
2023-05-01,5.0,0.017300000000000003
2023-05-02,3.0,-0.3194666666666667
2023-05-03,5.0,0.42147999999999997
2023-05-04,8.0,-0.2685375
2023-05-05,11.0,0.14456363636363637
2023-05-06,3.0,0.34440000000000004
2023-05-07,1.0,0.7579
2023-05-08,10.0,-0.08175
2023-05-09,3.0,0.069
2023-05-10,7.0,0.4075857142857143
2023-05-11,4.0,0.336175
2023-05-12,6.0,0.19168333333333332
2023-05-13,2.0,0.0
2023-05-15,8.0,0.0785875
2023-05-16,4.0,0.227275
2023-05-17,3.0,0.009266666666666652
2023-05-18,5.0,0.13938
2023-05-19,7.0,0.1918857142857143
2023-05-20,3.0,-0.031
2023-05-21,1.0,0.2023
2023-05-22,8.0,0.232225
2023-05-23,6.0,0.09591666666666665
2023-05-24,5.0,0.027300000000000005
2023-05-25,2.0,0.07445
2023-05-26,5.0,0.3873
2023-05-27,4.0,0.229225
2023-05-28,1.0,-0.0516
2023-05-29,2.0,-0.52525
2023-05-30,4.0,-0.10089999999999999
2023-05-31,8.0,-0.1656625
2023-06-01,3.0,0.1408333333333333
2023-06-02,9.0,0.2291
2023-06-03,2.0,0.24914999999999998
2023-06-04,2.0,0.24835000000000002
2023-06-05,10.0,0.16063000000000002
2023-06-06,18.0,0.2603
2023-06-07,13.0,0.26624615384615385
2023-06-08,4.0,0.392075
2023-06-09,5.0,0.29825999999999997
2023-06-10,3.0,0.2822
2023-06-11,2.0,0.38835
2023-06-12,3.0,-0.24559999999999998
2023-06-13,9.0,0.13953333333333334
2023-06-14,6.0,0.19388333333333332
2023-06-15,6.0,0.22113333333333335
2023-06-16,2.0,-0.20825
2023-06-17,2.0,0.24914999999999998
2023-06-19,1.0,-0.2263
2023-06-20,8.0,0.22460000000000002
2023-06-21,6.0,-0.0535
2023-06-22,10.0,0.12043
2023-06-23,7.0,0.08575714285714288
2023-06-24,1.0,0.6249
2023-06-25,1.0,-0.6124
2023-06-26,8.0,0.2043125
2023-06-27,6.0,-0.020416666666666642
2023-06-28,9.0,0.05330000000000001
2023-06-29,7.0,0.15835714285714286
2023-06-30,7.0,0.13545714285714286
2023-07-01,2.0,0.6514500000000001
2023-07-03,10.0,0.19591999999999998
2023-07-04,6.0,-0.11588333333333334
2023-07-05,12.0,0.219175
2023-07-06,7.0,-0.020514285714285714
2023-07-07,4.0,0.16995
2023-07-08,2.0,0.41095
2023-07-09,1.0,0.3612
2023-07-10,8.0,0.20806249999999998
2023-07-11,8.0,0.1680875
2023-07-12,6.0,0.12951666666666667
2023-07-13,5.0,0.38884
2023-07-14,4.0,0.008525000000000019
2023-07-15,2.0,0.21539999999999998
2023-07-17,7.0,0.30445714285714287
2023-07-18,4.0,0.615525
2023-07-19,6.0,-0.05941666666666667
2023-07-20,8.0,0.1778875
2023-07-21,10.0,0.27404
2023-07-22,1.0,-0.4019
2023-07-23,2.0,-0.20484999999999998
2023-07-24,7.0,0.12858571428571428
2023-07-25,7.0,0.32407142857142857
2023-07-26,5.0,0.31984
2023-07-27,7.0,0.1655714285714286
2023-07-28,7.0,0.2551428571428571
2023-07-30,1.0,0.25
2023-07-31,11.0,0.3346727272727273
2023-08-01,3.0,0.16263333333333332
2023-08-02,8.0,0.104875
2023-08-03,11.0,0.1372181818181818
2023-08-04,20.0,0.085565
2023-08-05,2.0,-0.04600000000000001
2023-08-07,7.0,0.17405714285714288
2023-08-08,8.0,0.2307625
2023-08-09,12.0,0.03274166666666667
2023-08-10,7.0,0.37852857142857144
2023-08-11,6.0,-0.01561666666666666
2023-08-12,1.0,-0.0516
2023-08-13,3.0,0.07476666666666665
2023-08-14,7.0,0.16367142857142858
2023-08-15,9.0,-0.10351111111111111
2023-08-16,7.0,0.47632857142857143
2023-08-17,7.0,0.0341857142857143
2023-08-18,8.0,0.21495
2023-08-20,1.0,0.5859
2023-08-21,7.0,0.33194285714285715
2023-08-22,5.0,0.26866
2023-08-23,4.0,0.13355
2023-08-24,7.0,-0.16228571428571428
2023-08-25,7.0,0.08365714285714286
2023-08-26,1.0,0.4939
2023-08-28,9.0,-0.10387777777777778
2023-08-29,8.0,0.20823750000000002
2023-08-30,7.0,0.09880000000000001
2023-08-31,5.0,0.26142
2023-09-01,5.0,0.0751
2023-09-02,2.0,0.5119
2023-09-03,1.0,0.7096
2023-09-04,3.0,0.5059
2023-09-05,9.0,0.03822222222222221
2023-09-06,11.0,-0.07954545454545453
2023-09-07,17.0,-0.007982352941176468
2023-09-08,15.0,-0.10507333333333332
2023-09-09,3.0,-0.08619999999999997
2023-09-10,3.0,0.265
2023-09-11,9.0,0.07338888888888889
2023-09-12,13.0,0.047838461538461545
2023-09-13,9.0,0.22177777777777777
2023-09-14,13.0,-0.08265384615384616
2023-09-15,9.0,-0.2386888888888889
2023-09-16,2.0,0.09664999999999999
2023-09-17,1.0,-0.1779
2023-09-18,16.0,0.2677375
2023-09-19,10.0,0.11557
2023-09-20,12.0,0.04195000000000001
2023-09-21,4.0,-0.26075000000000004
2023-09-22,11.0,0.16910000000000003
2023-09-23,2.0,0.48624999999999996
2023-09-24,4.0,-0.2828
2023-09-25,15.0,0.022433333333333343
2023-09-26,12.0,0.21363333333333334
2023-09-27,10.0,0.21376
2023-09-28,7.0,0.1164
2023-09-29,9.0,-0.04373333333333333
2023-09-30,2.0,0.11594999999999997
2023-10-01,2.0,0.3021
2023-10-02,6.0,0.14501666666666668
2023-10-03,9.0,0.07554444444444443
2023-10-04,12.0,0.181175
2023-10-05,11.0,0.23735454545454546
2023-10-06,5.0,0.10934000000000002
2023-10-07,2.0,0.40145
2023-10-08,1.0,0.25
2023-10-09,4.0,0.03532500000000001
2023-10-10,10.0,0.25455
2023-10-11,13.0,-0.027723076923076934
2023-10-12,10.0,0.10151
2023-10-13,4.0,0.14415
2023-10-14,1.0,0.1779
2023-10-15,1.0,0.2023
2023-10-16,11.0,0.08974545454545456
2023-10-17,9.0,0.20032222222222223
2023-10-18,6.0,0.03110000000000001
2023-10-19,5.0,0.12024
2023-10-20,4.0,0.03287500000000003
2023-10-21,2.0,0.1518
2023-10-22,1.0,0.3818
2023-10-23,6.0,0.25
2023-10-24,7.0,-0.04568571428571429
2023-10-25,10.0,0.18396
2023-10-26,4.0,0.12372499999999999
2023-10-27,10.0,-0.09482
2023-10-28,3.0,0.05286666666666667
2023-10-29,1.0,0.3291
2023-10-30,15.0,0.07882666666666668
2023-10-31,9.0,-0.2446111111111111
2023-11-01,8.0,0.22705
2023-11-02,11.0,-0.059909090909090905
2023-11-03,17.0,0.09701764705882354
2023-11-04,4.0,0.28765
2023-11-05,1.0,-0.1779
2023-11-06,11.0,0.3295909090909091
2023-11-07,5.0,-0.31332000000000004
2023-11-08,6.0,-0.010816666666666655
2023-11-09,6.0,0.2903833333333333
2023-11-10,10.0,-0.01806
2023-11-11,2.0,0.0814
2023-11-13,4.0,0.231525
2023-11-14,6.0,0.4499666666666667
2023-11-15,6.0,0.07891666666666666
2023-11-16,7.0,0.46294285714285716
2023-11-17,5.0,0.19803999999999997
2023-11-18,5.0,0.02727999999999997
2023-11-20,5.0,0.3437
2023-11-21,8.0,-0.04586250000000001
2023-11-22,3.0,-0.448
2023-11-23,4.0,0.046799999999999994
2023-11-24,4.0,0.20204999999999998
2023-11-25,3.0,0.371
2023-11-27,4.0,0.164775
2023-11-28,7.0,0.39695714285714284
2023-11-29,9.0,-0.071
2023-11-30,11.0,0.27074545454545457
